prix,adresse,marque,dim_ecr,ram,stockage,etat
580000,Guediawaye,iPhone,6.0,8,128,D'occasion
250000,Mermoz,iPhone,6.0,4,128,D'occasion
80000,Médina,iPhone,5.0,5,128,D'occasion
290000,Plateau,Samsung,6.0,8,256,D'occasion
250000,Mermoz,Samsung,6.0,8,256,D'occasion
375000,Plateau,Google,6.0,128,128,D'occasion
290000,Médina,iPhone,7.0,7,128,D'occasion
350000,Fenêtre mermoz,iPhone,6.0,12,128,D'occasion
650000,Ngor,iPhone,6.0,12,128,D'occasion
100000,Médina,iPhone,6.0,6,64,D'occasion
95000,Mermoz,Samsung,0.0,12,128,D'occasion
45000,Hann maristes,iPhone,6.0,12,32,D'occasion
100000,Yoff,Samsung,6.0,12,128,D'occasion
50000,Ouakam,Samsung,6.0,4,64,D'occasion
69900,Fass,Huawei,6.0,6,128,D'occasion
425000,Plateau,iPhone,6.0,12,128,D'occasion
180000,Médina,iPhone,6.0,6,64,D'occasion
500,Almadies,iPhone,6.0,12,128,D'occasion
140000,Castor,iPhone,6.0,12,128,D'occasion
34999,Ouest foire,iPhone,5.0,2,16,D'occasion
185000,Plateau,Oppo,6.0,8,256,D'occasion
309000,Médina,iPhone,6.0,12,128,D'occasion
219000,Médina,iPhone,6.0,12,256,D'occasion
165000,Plateau,Asus,5.0,8,128,D'occasion
395000,Médina,iPhone,6.0,12,128,D'occasion
270000,Médina,iPhone,7.0,7,128,D'occasion
255000,Plateau,iPhone,6.0,6,128,D'occasion
250000,Parcelles Assainies,iPhone,6.0,4,256,D'occasion
470000,Médina,iPhone,6.0,12,128,D'occasion
890000,Médina,iPhone,9.0,12,512,D'occasion
310000,Ouest foire,iPhone,6.0,4,128,D'occasion
450000,Cité Damel,Samsung,3.0,8,256,D'occasion
140000,Parcelles Assainies,Xiaomi,6.0,6,128,D'occasion
380000,Ngaparou,Samsung,6.0,12,256,D'occasion
355000,Almadies,iPhone,6.0,12,256,D'occasion
550,Almadies,iPhone,6.0,16,256,D'occasion
770245,Médina,iPhone,6.0,26,217,D'occasion
440246,Plateau,iPhone,7.0,22,218,D'occasion
270247,Point-e,iPhone,5.0,25,218,D'occasion
480247,Zone industrielle,ZTE,7.0,25,346,D'occasion
440247,Point-e,iPad,6.0,28,346,D'occasion
565247,Yoff,LG,7.0,147,217,D'occasion
480246,Pikine,iPhone,9.0,27,216,D'occasion
540248,Liberte 6 extension,iPhone,6.0,30,218,D'occasion
840246,Saly,iPhone,7.0,31,218,D'occasion
290247,Point-e,iPhone,6.0,25,152,D'occasion
285247,Pikine,Xiaomi,0.0,31,216,D'occasion
235245,Nord foire,iPhone,8.0,31,120,D'occasion
290246,Plateau,ZTE,7.0,32,220,D'occasion
240246,Sicap Sacré-cœur,ZTE,9.0,22,154,D'occasion
260146,Liberte 6 extension,Motorola,7.0,26,217,D'occasion
615245,Yoff,iPhone,7.0,31,218,D'occasion
370247,Point-e,iPhone,9.0,26,154,D'occasion
190746,Fenêtre mermoz,iPhone,7.0,31,218,D'occasion
330248,Guediawaye,iPhone,6.0,33,218,D'occasion
225246,VDN,iPhone,5.0,22,107,D'occasion
375245,Zone industrielle,Viwa,7.0,27,346,D'occasion
499248,Plateau,iPhone,6.0,32,216,D'occasion
409247,Sacré-cœur,iPhone,8.0,31,346,D'occasion
355247,Zone industrielle,Honor,6.0,28,215,D'occasion
585246,Plateau,iPhone,8.0,31,219,D'occasion
460246,Plateau,iPhone,7.0,27,217,D'occasion
445247,Zone industrielle,iPhone,7.0,27,218,D'occasion
440246,Sicap foire,iPhone,8.0,23,346,D'occasion
660246,Point-e,iPhone,9.0,31,219,D'occasion
1080246,Sacré-cœur,iPhone,11.0,30,603,D'occasion
500246,VDN,iPhone,8.0,21,217,D'occasion
640246,Grand-Yoff,Xiaomi,5.0,27,345,D'occasion
330248,Sicap foire,iPhone,8.0,27,217,D'occasion
570244,Point-e,ZTE,7.0,30,347,D'occasion
545245,Fass,iPhone,8.0,32,347,D'occasion
190795,Fann,iPhone,6.0,37,345,D'occasion
770248,Liberte 6 extension,iPhone,7.0,28,218,D'occasion
440248,Pikine,iPhone,5.0,23,219,D'occasion
270247,Plateau,iPhone,6.0,24,218,D'occasion
480245,Yoff,iPhone,8.0,25,345,D'occasion
440247,Parcelles Assainies,iPad,8.0,26,346,D'occasion
565247,Zone industrielle,Itel,9.0,147,216,D'occasion
480246,Plateau,iPhone,8.0,26,218,D'occasion
540246,Liberte 6,iPhone,7.0,31,218,D'occasion
840247,Sacré-cœur,iPhone,8.0,32,219,D'occasion
290247,Sacré-cœur,iPhone,6.0,26,153,D'occasion
285247,Pikine,iPad,0.0,32,216,D'occasion
235245,Ngor,iPhone,8.0,31,122,D'occasion
290246,Plateau,ZTE,9.0,31,219,D'occasion
240247,VDN,ZTE,9.0,21,153,D'occasion
260147,Liberte 6 extension,LG,9.0,24,217,D'occasion
615248,Yoff,iPhone,8.0,32,219,D'occasion
370246,Point-e,iPhone,6.0,24,152,D'occasion
190746,Fann,iPhone,8.0,31,216,D'occasion
330247,Gueule-Tapée,iPhone,8.0,31,217,D'occasion
225246,Sicap Liberté,iPhone,6.0,21,107,D'occasion
375248,Plateau,Xiaomi,7.0,28,344,D'occasion
499247,Pikine,iPhone,8.0,31,219,D'occasion
409247,Plateau,iPhone,7.0,32,345,D'occasion
355247,Zone industrielle,Huawei,7.0,27,219,D'occasion
585246,Plateau,iPhone,8.0,31,217,D'occasion
460245,Plateau,iPhone,8.0,25,217,D'occasion
445246,Plateau,iPhone,7.0,25,218,D'occasion
440246,VDN,iPhone,7.0,24,345,D'occasion
660248,Point-e,iPhone,6.0,31,217,D'occasion
1080246,Sacré-cœur,iPhone,10.0,31,601,D'occasion
500246,Sicap Sacré-cœur,iPhone,8.0,24,218,D'occasion
640245,Grand-Yoff,iPad,4.0,29,344,D'occasion
330248,VDN,iPhone,6.0,25,220,D'occasion
570248,Sacré-cœur,ZTE,8.0,30,346,D'occasion
545247,Fann,iPhone,7.0,32,346,D'occasion
190797,Fann,iPhone,5.0,35,347,D'occasion
770245,Médina,iPhone,6.0,28,219,D'occasion
440246,Pikine,iPhone,6.0,25,217,D'occasion
270246,Saly,iPhone,8.0,25,217,D'occasion
480245,Yoff,iPhone,8.0,28,345,D'occasion
440248,Plateau,Xiaomi,6.0,28,345,D'occasion
565246,Zone industrielle,LG,7.0,148,217,D'occasion
480248,Plateau,iPhone,7.0,26,218,D'occasion
540247,Liberte 6 extension,iPhone,8.0,30,219,D'occasion
840248,Saly,iPhone,7.0,33,220,D'occasion
290247,Plateau,iPhone,5.0,25,154,D'occasion
285248,Pikine,iPad,0.0,32,219,D'occasion
235247,Ngor,iPhone,6.0,33,122,D'occasion
290247,Plateau,Xiaomi,7.0,31,218,D'occasion
240246,Sicap Sacré-cœur,ZTE,8.0,23,151,D'occasion
260146,Keur ndiaye lô,OnePlus,6.0,24,219,D'occasion
615246,Zone industrielle,iPhone,7.0,31,217,D'occasion
370248,Plateau,iPhone,7.0,24,153,D'occasion
190745,Dieuppeul,iPhone,8.0,31,216,D'occasion
330247,Gueule-Tapée,iPhone,9.0,31,217,D'occasion
225244,Sicap foire,iPhone,5.0,22,103,D'occasion
375246,Yoff,Sony,8.0,30,345,D'occasion
499247,Point-e,iPhone,6.0,31,219,D'occasion
409248,Pikine,iPhone,6.0,32,346,D'occasion
355247,Virage,Huawei,7.0,27,216,D'occasion
585246,Sacré-cœur,iPhone,7.0,32,218,D'occasion
460248,Plateau,iPhone,7.0,29,219,D'occasion
445247,Virage,iPhone,7.0,27,219,D'occasion
440247,Sicap Sacré-cœur,iPhone,8.0,23,344,D'occasion
660245,Point-e,iPhone,6.0,30,219,D'occasion
1080247,Point-e,iPhone,11.0,30,603,D'occasion
500246,VDN,iPhone,7.0,23,218,D'occasion
640246,Gueule-Tapée,Viwa,3.0,26,344,D'occasion
330248,VDN,iPhone,5.0,25,217,D'occasion
570247,Sacré-cœur,ZTE,8.0,30,344,D'occasion
545246,Fann,iPhone,7.0,32,345,D'occasion
190798,Grand-Yoff,iPhone,6.0,35,347,D'occasion
770247,Mermoz,iPhone,9.0,29,218,D'occasion
440247,Plateau,iPhone,6.0,24,217,D'occasion
270247,Sacré-cœur,iPhone,6.0,25,219,D'occasion
480248,Yoff,Xiaomi,6.0,28,346,D'occasion
440247,Pikine,iPad,7.0,29,345,D'occasion
565247,Zone industrielle,LG,10.0,146,219,D'occasion
480247,Pikine,iPhone,8.0,26,216,D'occasion
540246,Liberte 6 extension,iPhone,6.0,31,217,D'occasion
840247,Sicap Liberté,iPhone,7.0,31,218,D'occasion
290247,Plateau,iPhone,6.0,26,154,D'occasion
285245,Pikine,iPad,2.0,32,220,D'occasion
235248,Ngaparou,iPhone,5.0,32,122,D'occasion
290247,Plateau,iPad,8.0,32,217,D'occasion
240245,Sicap foire,Xiaomi,8.0,24,152,D'occasion
260147,Liberte 5,Nodis,8.0,26,217,D'occasion
615248,Zone industrielle,iPhone,7.0,30,218,D'occasion
370247,Point-e,iPhone,7.0,25,153,D'occasion
190747,Grand-Yoff,iPhone,10.0,31,218,D'occasion
330246,Guediawaye,iPhone,10.0,31,219,D'occasion
225246,Sicap foire,iPhone,5.0,21,105,D'occasion
375247,Plateau,Viwa,8.0,28,348,D'occasion
499246,Point-e,iPhone,7.0,31,218,D'occasion
409247,Plateau,iPhone,7.0,31,347,D'occasion
355247,Zone industrielle,Honor,6.0,27,216,D'occasion
585248,Plateau,iPhone,8.0,31,218,D'occasion
460247,Pikine,iPhone,8.0,26,216,D'occasion
445246,Plateau,iPhone,7.0,26,219,D'occasion
440246,VDN,iPhone,7.0,23,346,D'occasion
660248,Point-e,iPhone,8.0,31,215,D'occasion
1080247,Plateau,iPhone,10.0,31,602,D'occasion
500248,VDN,iPhone,8.0,25,218,D'occasion
640245,Guediawaye,iPad,4.0,27,345,D'occasion
330246,VDN,iPhone,7.0,24,218,D'occasion
570248,Plateau,ZTE,8.0,32,346,D'occasion
545246,Fenêtre mermoz,iPhone,7.0,32,346,D'occasion
190798,Fass,iPhone,7.0,35,346,D'occasion
770246,Mermoz,iPhone,8.0,28,217,D'occasion
440247,Pikine,iPhone,7.0,22,218,D'occasion
270246,Plateau,iPhone,6.0,26,217,D'occasion
480247,Yoff,iPad,9.0,26,344,D'occasion
440246,Pikine,Xiaomi,8.0,26,347,D'occasion
565246,Zone industrielle,Itel,7.0,147,218,D'occasion
480247,Plateau,iPhone,8.0,27,218,D'occasion
540248,Liberte 6,iPhone,8.0,31,218,D'occasion
840246,Sicap Liberté,iPhone,9.0,30,217,D'occasion
290245,Sacré-cœur,iPhone,8.0,25,151,D'occasion
285246,Point-e,Xiaomi,0.0,32,217,D'occasion
235246,Ngor,iPhone,10.0,34,121,D'occasion
290246,Plateau,ZTE,8.0,31,218,D'occasion
240246,Sicap Sacré-cœur,ZTE,9.0,23,153,D'occasion
260149,Hlm grand-yoff,LG,7.0,25,217,D'occasion
615247,Plateau,iPhone,7.0,33,219,D'occasion
370247,Point-e,iPhone,9.0,26,155,D'occasion
190746,Fann,iPhone,9.0,33,217,D'occasion
330246,Guediawaye,iPhone,9.0,30,217,D'occasion
225245,Sicap foire,iPhone,6.0,25,105,D'occasion
375247,Zone industrielle,Xiaomi,7.0,27,347,D'occasion
499247,Saly,iPhone,8.0,31,219,D'occasion
409247,Point-e,iPhone,6.0,30,347,D'occasion
355248,Yoff,Honor,6.0,28,215,D'occasion
585248,Pikine,iPhone,9.0,31,219,D'occasion
460247,Pikine,iPhone,7.0,26,218,D'occasion
445245,Zone industrielle,iPhone,7.0,25,220,D'occasion
440245,Yoff,iPhone,7.0,25,345,D'occasion
660246,Plateau,iPhone,6.0,31,219,D'occasion
1080246,Plateau,iPhone,10.0,30,601,D'occasion
500245,VDN,iPhone,7.0,23,217,D'occasion
640246,Gueule-Tapée,Xiaomi,4.0,27,345,D'occasion
330247,VDN,iPhone,7.0,25,219,D'occasion
570248,Saly,ZTE,8.0,31,346,D'occasion
545245,Fann,iPhone,8.0,31,345,D'occasion
190799,Dieuppeul,iPhone,9.0,34,345,D'occasion
770247,Médina,iPhone,6.0,27,215,D'occasion
440246,Plateau,iPhone,7.0,22,218,D'occasion
270246,Sacré-cœur,iPhone,5.0,23,217,D'occasion
480246,Yoff,Xiaomi,5.0,26,347,D'occasion
440246,Pikine,ZTE,6.0,26,345,D'occasion
565245,Plateau,Nokia,9.0,146,218,D'occasion
480246,Point-e,iPhone,8.0,28,217,D'occasion
540248,Liberte 6 extension,iPhone,6.0,31,217,D'occasion
840246,Sicap Liberté,iPhone,6.0,29,216,D'occasion
290247,Plateau,iPhone,7.0,25,152,D'occasion
285247,Point-e,Xiaomi,1.0,32,219,D'occasion
235246,Ngaparou,iPhone,10.0,32,123,D'occasion
290246,Plateau,iPad,8.0,32,218,D'occasion
240246,Point-e,ZTE,7.0,24,155,D'occasion
260146,Liberte 6,Nodis,7.0,27,218,D'occasion
615248,Zone industrielle,iPhone,8.0,32,217,D'occasion
370249,Sacré-cœur,iPhone,6.0,26,154,D'occasion
190747,Fann,iPhone,8.0,30,216,D'occasion
330247,Fenêtre mermoz,iPhone,7.0,31,218,D'occasion
225245,Sicap foire,iPhone,6.0,20,106,D'occasion
375247,Plateau,Xiaomi,9.0,27,347,D'occasion
499247,Point-e,iPhone,9.0,30,217,D'occasion
409248,Plateau,iPhone,9.0,32,345,D'occasion
355247,Zone industrielle,Ice-Phone,6.0,29,218,D'occasion
585246,Pikine,iPhone,9.0,32,218,D'occasion
460247,Sacré-cœur,iPhone,10.0,24,218,D'occasion
445248,Virage,iPhone,6.0,25,218,D'occasion
440246,Virage,iPhone,7.0,23,347,D'occasion
660246,Plateau,iPhone,7.0,31,219,D'occasion
1080246,Point-e,iPhone,11.0,32,601,D'occasion
500245,Sicap Sacré-cœur,iPhone,8.0,23,217,D'occasion
640246,Guediawaye,iPad,4.0,26,346,D'occasion
330248,VDN,iPhone,8.0,25,219,D'occasion
570248,Saly,Xiaomi,7.0,31,346,D'occasion
545245,Fann,iPhone,9.0,32,346,D'occasion
190798,Fass,iPhone,8.0,34,346,D'occasion
770246,Liberte 6 extension,iPhone,7.0,25,219,D'occasion
440246,Plateau,iPhone,6.0,25,215,D'occasion
270246,Point-e,iPhone,7.0,23,217,D'occasion
480246,Yoff,ZTE,7.0,27,345,D'occasion
440248,Plateau,Xiaomi,7.0,26,345,D'occasion
565246,Zone industrielle,Nodis,7.0,147,216,D'occasion
480246,Pikine,iPhone,8.0,26,219,D'occasion
540246,Liberte 6,iPhone,7.0,31,218,D'occasion
840246,Sicap Liberté,iPhone,8.0,31,218,D'occasion
290245,Point-e,iPhone,6.0,27,154,D'occasion
285248,Patte d‘oie,iPhone,1.0,32,218,D'occasion
235247,Ngaparou,iPhone,8.0,32,120,D'occasion
290246,Plateau,iPad,6.0,32,219,D'occasion
240245,Sicap foire,iPhone,9.0,23,154,D'occasion
260146,Liberte 6 extension,Nodis,8.0,23,218,D'occasion
615247,Yoff,iPhone,7.0,32,220,D'occasion
370247,Point-e,iPhone,8.0,26,156,D'occasion
190747,Fass,iPhone,8.0,32,218,D'occasion
330247,Fenêtre mermoz,iPhone,9.0,31,218,D'occasion
225246,VDN,iPhone,6.0,21,105,D'occasion
375246,Yoff,Tecno,7.0,28,347,D'occasion
499245,Plateau,iPhone,6.0,29,217,D'occasion
409247,Sacré-cœur,iPhone,6.0,31,346,D'occasion
355248,Plateau,Google,8.0,26,217,D'occasion
585246,Sacré-cœur,iPhone,7.0,33,217,D'occasion
460249,Plateau,iPhone,7.0,27,218,D'occasion
445248,Virage,iPhone,7.0,24,218,D'occasion
440246,Virage,iPhone,7.0,23,346,D'occasion
660247,Plateau,iPhone,7.0,32,218,D'occasion
1080247,Plateau,iPhone,10.0,31,602,D'occasion
500246,Sicap foire,iPhone,7.0,22,219,D'occasion
640248,Hann maristes,iPad,3.0,29,347,D'occasion
330246,Virage,iPhone,7.0,25,218,D'occasion
570247,Sacré-cœur,ZTE,9.0,31,345,D'occasion
545247,Fenêtre mermoz,iPhone,5.0,32,346,D'occasion
190796,Fass,iPhone,6.0,34,346,D'occasion
770245,Ngaparou,iPhone,6.0,26,217,D'occasion
440246,Plateau,iPhone,8.0,23,219,D'occasion
270247,Point-e,iPhone,4.0,25,219,D'occasion
480246,Zone industrielle,ZTE,8.0,27,345,D'occasion
440246,Pikine,Xiaomi,7.0,29,342,D'occasion
565247,Virage,Motorola,8.0,146,220,D'occasion
480246,Sacré-cœur,iPhone,8.0,25,216,D'occasion
540244,Liberte 6,iPhone,6.0,32,219,D'occasion
840247,Point-e,iPhone,8.0,34,218,D'occasion
290247,Plateau,iPhone,6.0,25,153,D'occasion
285246,Plateau,iPad,1.0,31,218,D'occasion
235246,Ngor,iPhone,7.0,31,121,D'occasion
290248,Plateau,iPad,7.0,31,219,D'occasion
240247,Sicap Liberté,ZTE,9.0,24,152,D'occasion
260148,Liberte 5,Motorola,9.0,26,218,D'occasion
615246,Yoff,iPhone,7.0,30,216,D'occasion
370248,Plateau,iPhone,6.0,26,154,D'occasion
190747,Fass,iPhone,8.0,30,216,D'occasion
330248,Guediawaye,iPhone,7.0,31,217,D'occasion
225245,Sicap Sacré-cœur,iPhone,4.0,21,106,D'occasion
375248,Zone industrielle,Tecno,8.0,26,343,D'occasion
499246,Point-e,iPhone,8.0,31,217,D'occasion
409247,Point-e,iPhone,8.0,30,346,D'occasion
355247,Virage,Honor,9.0,27,218,D'occasion
585246,Point-e,iPhone,8.0,32,216,D'occasion
460246,Point-e,iPhone,7.0,27,219,D'occasion
445245,Zone industrielle,iPhone,6.0,26,218,D'occasion
440246,VDN,iPhone,8.0,23,345,D'occasion
660247,Pikine,iPhone,7.0,32,217,D'occasion
1080248,Pikine,iPhone,10.0,32,601,D'occasion
500246,Sicap Liberté,iPhone,7.0,25,218,D'occasion
640247,Grand-Yoff,ZTE,4.0,27,346,D'occasion
330247,Virage,iPhone,7.0,26,218,D'occasion
570247,Sacré-cœur,ZTE,7.0,32,346,D'occasion
545247,Fenêtre mermoz,iPhone,8.0,32,345,D'occasion
190797,Fenêtre mermoz,iPhone,8.0,34,345,D'occasion
770247,Mermoz,iPhone,6.0,27,217,D'occasion
440247,Plateau,iPhone,7.0,23,218,D'occasion
270247,Sacré-cœur,iPhone,7.0,25,217,D'occasion
480246,Plateau,ZTE,5.0,26,346,D'occasion
440248,Plateau,iPad,8.0,27,346,D'occasion
565248,Yoff,Motorola,7.0,147,218,D'occasion
480249,Point-e,iPhone,8.0,26,219,D'occasion
540247,Mermoz,iPhone,7.0,31,218,D'occasion
840249,Sacré-cœur,iPhone,8.0,31,219,D'occasion
290246,Pikine,iPhone,7.0,26,155,D'occasion
285245,Plateau,ZTE,0.0,30,217,D'occasion
235245,Ngaparou,iPhone,8.0,32,121,D'occasion
290248,Plateau,ZTE,7.0,31,219,D'occasion
240246,Sicap Sacré-cœur,iPad,8.0,23,154,D'occasion
260145,Liberte 6 extension,Nokia,8.0,25,214,D'occasion
615247,Yoff,iPhone,9.0,32,218,D'occasion
370247,Sacré-cœur,iPhone,7.0,25,155,D'occasion
190746,Fass,iPhone,8.0,32,218,D'occasion
330249,Grand-Yoff,iPhone,7.0,31,218,D'occasion
225247,Sicap foire,iPhone,6.0,20,104,D'occasion
375246,Virage,ZTE,7.0,27,345,D'occasion
499246,Plateau,iPhone,6.0,31,218,D'occasion
409246,Point-e,iPhone,7.0,33,345,D'occasion
355246,Virage,Ice-Phone,7.0,26,219,D'occasion
585247,Plateau,iPhone,9.0,33,217,D'occasion
460248,Point-e,iPhone,8.0,27,218,D'occasion
445246,Zone industrielle,iPhone,6.0,26,216,D'occasion
440247,Sicap foire,iPhone,5.0,22,347,D'occasion
660246,Sacré-cœur,iPhone,9.0,32,216,D'occasion
1080247,Point-e,iPhone,9.0,31,602,D'occasion
500247,Sicap foire,iPhone,10.0,24,216,D'occasion
640244,Gueule-Tapée,ZTE,3.0,27,345,D'occasion
330248,VDN,iPhone,8.0,26,218,D'occasion
570245,Sacré-cœur,Xiaomi,8.0,33,346,D'occasion
545249,Fenêtre mermoz,iPhone,7.0,32,346,D'occasion
190796,Fann,iPhone,7.0,35,343,D'occasion
770246,Liberte 6 extension,iPhone,6.0,29,218,D'occasion
440245,Pikine,iPhone,7.0,23,218,D'occasion
270246,Point-e,iPhone,7.0,23,219,D'occasion
480249,Zone industrielle,Tecno,10.0,27,347,D'occasion
440248,Plateau,Viwa,8.0,28,347,D'occasion
565245,Virage,LG,7.0,148,219,D'occasion
480248,Plateau,iPhone,7.0,26,220,D'occasion
540245,Mermoz,iPhone,8.0,33,218,D'occasion
840245,Saly,iPhone,8.0,32,219,D'occasion
290247,Point-e,iPhone,8.0,26,155,D'occasion
285248,Pikine,iPad,0.0,32,221,D'occasion
235245,Ngor,iPhone,6.0,32,122,D'occasion
290248,Plateau,iPad,7.0,32,218,D'occasion
240246,Sicap Sacré-cœur,Xiaomi,8.0,23,154,D'occasion
260146,Keur ndiaye lô,Nokia,9.0,24,218,D'occasion
615247,Plateau,iPhone,7.0,32,218,D'occasion
370247,Pikine,iPhone,5.0,25,154,D'occasion
190749,Fann,iPhone,7.0,32,218,D'occasion
330247,Hann maristes,iPhone,8.0,33,218,D'occasion
225246,Sicap foire,iPhone,5.0,22,107,D'occasion
375246,Zone industrielle,Sony,7.0,29,347,D'occasion
499244,Plateau,iPhone,8.0,33,218,D'occasion
409247,Point-e,iPhone,10.0,32,347,D'occasion
355246,Zone industrielle,Google,6.0,27,219,D'occasion
585247,Plateau,iPhone,8.0,30,219,D'occasion
460248,Point-e,iPhone,8.0,26,219,D'occasion
445246,Yoff,iPhone,6.0,25,218,D'occasion
440247,VDN,iPhone,9.0,24,347,D'occasion
660246,Point-e,iPhone,9.0,31,218,D'occasion
1080245,Plateau,iPhone,11.0,33,602,D'occasion
500246,Sicap Sacré-cœur,iPhone,6.0,23,217,D'occasion
640246,Hann maristes,Xiaomi,6.0,27,347,D'occasion
330247,Sicap foire,iPhone,9.0,24,216,D'occasion
570246,Sacré-cœur,iPad,6.0,33,347,D'occasion
545245,Fann,iPhone,9.0,31,345,D'occasion
190796,Fass,iPhone,8.0,33,346,D'occasion
770247,Liberte 6 extension,iPhone,7.0,26,219,D'occasion
440247,Point-e,iPhone,7.0,22,218,D'occasion
270246,Point-e,iPhone,5.0,23,218,D'occasion
480246,Yoff,Xiaomi,8.0,27,346,D'occasion
440246,Plateau,ZTE,6.0,29,346,D'occasion
565245,Plateau,Nodis,8.0,147,219,D'occasion
480247,Sacré-cœur,iPhone,10.0,26,217,D'occasion
540243,Liberte 5,iPhone,8.0,30,218,D'occasion
840247,Point-e,iPhone,7.0,31,217,D'occasion
290246,Point-e,iPhone,6.0,26,153,D'occasion
285247,Pikine,Xiaomi,0.0,35,217,D'occasion
235248,Ngaparou,iPhone,8.0,31,122,D'occasion
290246,Plateau,Xiaomi,5.0,34,216,D'occasion
240248,Sicap foire,Xiaomi,7.0,25,153,D'occasion
260147,Liberte 6,Nodis,8.0,25,218,D'occasion
615247,Virage,iPhone,5.0,31,218,D'occasion
370245,Pikine,iPhone,8.0,27,151,D'occasion
190748,Fass,iPhone,6.0,32,219,D'occasion
330247,Gueule-Tapée,iPhone,6.0,32,219,D'occasion
225246,Saly,iPhone,6.0,22,106,D'occasion
375245,Zone industrielle,Tecno,6.0,26,345,D'occasion
499246,Point-e,iPhone,7.0,32,219,D'occasion
409246,Point-e,iPhone,6.0,30,345,D'occasion
355247,Plateau,Honor,8.0,25,217,D'occasion
585246,Plateau,iPhone,8.0,31,219,D'occasion
460246,Plateau,iPhone,9.0,28,217,D'occasion
445247,Zone industrielle,iPhone,6.0,24,217,D'occasion
440247,Sicap foire,iPhone,6.0,25,346,D'occasion
660247,Point-e,iPhone,6.0,32,219,D'occasion
1080245,Point-e,iPhone,10.0,32,602,D'occasion
500248,Sicap foire,iPhone,7.0,24,218,D'occasion
640245,Gueule-Tapée,Xiaomi,3.0,27,347,D'occasion
330245,VDN,iPhone,7.0,26,218,D'occasion
570247,Plateau,ZTE,7.0,30,345,D'occasion
545247,Fass,iPhone,7.0,32,345,D'occasion
190797,Fenêtre mermoz,iPhone,8.0,36,347,D'occasion
770246,Mermoz,iPhone,9.0,28,218,D'occasion
440246,Pikine,iPhone,6.0,23,217,D'occasion
270247,Point-e,iPhone,5.0,27,216,D'occasion
480247,Yoff,iPad,8.0,27,346,D'occasion
440246,Pikine,ZTE,5.0,27,347,D'occasion
565246,Zone industrielle,Motorola,7.0,147,218,D'occasion
480246,Sacré-cœur,iPhone,8.0,27,217,D'occasion
540246,Liberte 6 extension,iPhone,7.0,32,216,D'occasion
840247,Pikine,iPhone,8.0,32,218,D'occasion
290246,Saly,iPhone,7.0,26,155,D'occasion
285247,Plateau,Xiaomi,2.0,31,217,D'occasion
235248,Ngaparou,iPhone,6.0,32,122,D'occasion
290246,Plateau,iPad,9.0,31,218,D'occasion
240248,Sicap Liberté,Xiaomi,7.0,22,153,D'occasion
260147,Mermoz,Nokia,9.0,26,217,D'occasion
615245,Yoff,iPhone,8.0,32,220,D'occasion
370248,Sacré-cœur,iPhone,4.0,25,154,D'occasion
190746,Fann,iPhone,7.0,30,217,D'occasion
330246,Fenêtre mermoz,iPhone,7.0,31,222,D'occasion
225245,Sicap Sacré-cœur,iPhone,7.0,22,107,D'occasion
375247,Plateau,Tecno,6.0,27,346,D'occasion
499248,Point-e,iPhone,7.0,32,218,D'occasion
409247,Point-e,iPhone,4.0,32,345,D'occasion
355246,Zone industrielle,Huawei,6.0,29,217,D'occasion
585247,Plateau,iPhone,8.0,32,218,D'occasion
460246,Sacré-cœur,iPhone,7.0,25,217,D'occasion
445248,Zone industrielle,iPhone,6.0,26,217,D'occasion
440246,VDN,iPhone,7.0,23,347,D'occasion
660246,Plateau,iPhone,8.0,33,219,D'occasion
1080246,Plateau,iPhone,10.0,32,603,D'occasion
500246,Sicap foire,iPhone,8.0,22,218,D'occasion
640245,Gueule-Tapée,Xiaomi,3.0,27,346,D'occasion
330247,VDN,iPhone,6.0,25,217,D'occasion
570246,Saly,ZTE,8.0,31,347,D'occasion
545246,Fann,iPhone,7.0,31,346,D'occasion
190797,Fenêtre mermoz,iPhone,6.0,36,347,D'occasion
770245,Liberte 6 extension,iPhone,7.0,26,218,D'occasion
440245,Plateau,iPhone,9.0,25,216,D'occasion
270245,Point-e,iPhone,6.0,25,217,D'occasion
480246,Zone industrielle,Xiaomi,6.0,28,346,D'occasion
440247,Plateau,ZTE,6.0,27,347,D'occasion
565246,Zone industrielle,Itel,5.0,147,219,D'occasion
480246,Saly,iPhone,7.0,25,217,D'occasion
540248,Liberte 6,iPhone,7.0,31,216,D'occasion
840247,Sacré-cœur,iPhone,7.0,31,218,D'occasion
290245,Point-e,iPhone,7.0,26,154,D'occasion
285246,Pikine,iPad,1.0,32,218,D'occasion
235245,Ngaparou,iPhone,9.0,30,123,D'occasion
290248,Plateau,iPad,8.0,32,218,D'occasion
240246,Saly,iPhone,7.0,23,154,D'occasion
260147,Liberte 6 extension,Motorola,7.0,26,217,D'occasion
615246,Yoff,iPhone,9.0,32,217,D'occasion
370247,Point-e,iPhone,7.0,26,153,D'occasion
190746,Fass,iPhone,7.0,32,218,D'occasion
330247,Fenêtre mermoz,iPhone,8.0,31,218,D'occasion
225246,Sicap foire,iPhone,6.0,19,107,D'occasion
375248,Yoff,Xiaomi,4.0,27,345,D'occasion
499246,Sacré-cœur,iPhone,10.0,32,218,D'occasion
409248,Plateau,iPhone,9.0,33,346,D'occasion
355248,Yoff,Honor,6.0,26,217,D'occasion
585247,Plateau,iPhone,7.0,32,217,D'occasion
460245,Point-e,iPhone,8.0,26,217,D'occasion
445245,Zone industrielle,iPhone,7.0,25,218,D'occasion
440247,Sicap foire,iPhone,7.0,24,347,D'occasion
660248,Point-e,iPhone,6.0,32,217,D'occasion
1080245,Plateau,iPhone,9.0,30,603,D'occasion
500247,Sicap foire,iPhone,8.0,23,217,D'occasion
640247,Gueule-Tapée,iPad,4.0,27,344,D'occasion
330246,Sicap Sacré-cœur,iPhone,7.0,26,219,D'occasion
570246,Sacré-cœur,Xiaomi,7.0,33,346,D'occasion
545247,Fass,iPhone,8.0,30,345,D'occasion
190798,Fann,iPhone,7.0,36,344,D'occasion
770246,Ngaparou,iPhone,7.0,27,217,D'occasion
440244,Pikine,iPhone,6.0,24,217,D'occasion
270246,Point-e,iPhone,6.0,24,216,D'occasion
480247,Zone industrielle,iPad,6.0,28,346,D'occasion
440247,Plateau,Tecno,6.0,29,344,D'occasion
565246,Yoff,Itel,7.0,147,217,D'occasion
480247,Point-e,iPhone,7.0,26,219,D'occasion
540249,Liberte 6,iPhone,8.0,32,216,D'occasion
840246,Sacré-cœur,iPhone,9.0,32,216,D'occasion
290246,Point-e,iPhone,7.0,24,153,D'occasion
285247,Pikine,iPad,0.0,31,219,D'occasion
235246,Ngaparou,iPhone,7.0,30,122,D'occasion
290245,Plateau,Viwa,9.0,32,218,D'occasion
240246,Sicap Liberté,iPad,7.0,23,156,D'occasion
260147,Liberte 6,LG,9.0,27,217,D'occasion
615248,Zone industrielle,iPhone,6.0,31,217,D'occasion
370246,Plateau,iPhone,7.0,27,153,D'occasion
190747,Fann,iPhone,9.0,32,218,D'occasion
330248,Fenêtre mermoz,iPhone,9.0,32,219,D'occasion
225245,Sicap Sacré-cœur,iPhone,5.0,21,105,D'occasion
375247,Yoff,Tecno,6.0,27,344,D'occasion
499245,Point-e,iPhone,9.0,31,217,D'occasion
409248,Sacré-cœur,iPhone,8.0,31,345,D'occasion
355245,Plateau,Honor,7.0,29,217,D'occasion
585246,Plateau,iPhone,7.0,31,218,D'occasion
460247,Plateau,iPhone,9.0,26,216,D'occasion
445247,Plateau,iPhone,8.0,24,218,D'occasion
440247,Virage,iPhone,7.0,22,344,D'occasion
660246,Pikine,iPhone,8.0,31,217,D'occasion
1080248,Plateau,iPhone,12.0,32,602,D'occasion
500248,Sicap foire,iPhone,7.0,24,215,D'occasion
640247,Hann maristes,Xiaomi,4.0,26,347,D'occasion
330248,VDN,iPhone,9.0,26,218,D'occasion
570248,Plateau,iPad,7.0,33,346,D'occasion
545246,Fenêtre mermoz,iPhone,6.0,31,347,D'occasion
190797,Fass,iPhone,7.0,35,344,D'occasion
770249,Médina,iPhone,7.0,28,217,D'occasion
440247,Point-e,iPhone,6.0,23,218,D'occasion
270246,Pikine,iPhone,6.0,24,217,D'occasion
480246,Plateau,iPad,7.0,27,344,D'occasion
440248,Point-e,ZTE,8.0,28,345,D'occasion
565245,Plateau,Itel,8.0,148,217,D'occasion
480247,Point-e,iPhone,9.0,26,219,D'occasion
540249,Liberte 6,iPhone,9.0,32,218,D'occasion
840248,Sacré-cœur,iPhone,9.0,32,216,D'occasion
290248,Pikine,iPhone,7.0,25,155,D'occasion
285247,Plateau,ZTE,0.0,32,219,D'occasion
235246,Ngor,iPhone,7.0,31,122,D'occasion
290246,Plateau,Xiaomi,10.0,34,220,D'occasion
240246,Saly,Xiaomi,8.0,24,153,D'occasion
260147,Liberte 5,Nodis,7.0,25,218,D'occasion
615245,Virage,iPhone,9.0,31,219,D'occasion
370246,Saly,iPhone,9.0,25,153,D'occasion
190747,Fann,iPhone,8.0,31,216,D'occasion
330248,Grand-Yoff,iPhone,8.0,33,218,D'occasion
225245,Sicap Sacré-cœur,iPhone,5.0,22,104,D'occasion
375249,Zone industrielle,Viwa,7.0,26,344,D'occasion
499246,Saly,iPhone,7.0,30,217,D'occasion
409247,Point-e,iPhone,7.0,33,346,D'occasion
355245,Plateau,Ice-Phone,6.0,28,219,D'occasion
585247,Point-e,iPhone,8.0,32,218,D'occasion
460246,Point-e,iPhone,7.0,25,219,D'occasion
445248,Plateau,iPhone,6.0,26,218,D'occasion
440246,Sicap foire,iPhone,5.0,23,345,D'occasion
660246,Point-e,iPhone,8.0,30,219,D'occasion
1080246,Point-e,iPhone,9.0,30,604,D'occasion
500248,Sicap foire,iPhone,6.0,24,217,D'occasion
640247,Gueule-Tapée,iPad,3.0,26,344,D'occasion
330248,Sicap foire,iPhone,7.0,26,217,D'occasion
570248,Plateau,ZTE,8.0,33,346,D'occasion
545247,Fass,iPhone,7.0,31,344,D'occasion
190798,Fass,iPhone,9.0,36,345,D'occasion
770245,Mermoz,iPhone,7.0,28,218,D'occasion
440246,Plateau,iPhone,5.0,23,219,D'occasion
270247,Plateau,iPhone,7.0,24,218,D'occasion
480246,Yoff,ZTE,9.0,27,344,D'occasion
440249,Plateau,Xiaomi,5.0,26,346,D'occasion
565246,Yoff,Nodis,6.0,146,217,D'occasion
480246,Saly,iPhone,6.0,27,220,D'occasion
540246,Liberte 5,iPhone,8.0,30,217,D'occasion
840246,Sacré-cœur,iPhone,7.0,30,218,D'occasion
290247,Plateau,iPhone,6.0,27,154,D'occasion
285246,Patte d‘oie,iPad,0.0,30,216,D'occasion
235249,Ngaparou,iPhone,7.0,32,123,D'occasion
290247,Plateau,ZTE,7.0,32,219,D'occasion
240246,Sicap Sacré-cœur,Viwa,7.0,21,153,D'occasion
260146,Liberte 5,Nokia,7.0,26,218,D'occasion
615247,Zone industrielle,iPhone,7.0,31,219,D'occasion
370244,Sacré-cœur,iPhone,7.0,26,153,D'occasion
190746,Fass,iPhone,8.0,33,217,D'occasion
330245,Guediawaye,iPhone,7.0,33,217,D'occasion
225245,Sicap Sacré-cœur,iPhone,4.0,22,106,D'occasion
375248,Zone industrielle,ZTE,7.0,28,346,D'occasion
499246,Plateau,iPhone,7.0,33,218,D'occasion
409246,Plateau,iPhone,6.0,31,345,D'occasion
355246,Virage,Google,8.0,26,217,D'occasion
585246,Plateau,iPhone,8.0,31,217,D'occasion
460247,Sacré-cœur,iPhone,9.0,28,220,D'occasion
445249,Yoff,iPhone,7.0,25,219,D'occasion
440246,Sicap foire,iPhone,7.0,24,347,D'occasion
660247,Pikine,iPhone,7.0,32,218,D'occasion
1080247,Point-e,iPhone,10.0,31,600,D'occasion
500246,Sicap foire,iPhone,7.0,23,216,D'occasion
640245,Gueule-Tapée,iPad,3.0,28,345,D'occasion
330247,Sicap Sacré-cœur,iPhone,6.0,26,218,D'occasion
570245,Saly,iPad,9.0,32,346,D'occasion
545246,Fass,iPhone,8.0,32,346,D'occasion
190796,Fenêtre mermoz,iPhone,9.0,35,345,D'occasion
770247,Mermoz,iPhone,6.0,29,220,D'occasion
440246,Pikine,iPhone,8.0,21,218,D'occasion
270247,Point-e,iPhone,6.0,23,218,D'occasion
480246,Plateau,Xiaomi,8.0,26,346,D'occasion
440246,Pikine,ZTE,5.0,28,346,D'occasion
565247,Virage,LG,9.0,149,218,D'occasion
480248,Point-e,iPhone,8.0,27,217,D'occasion
540248,Liberte 6 extension,iPhone,8.0,32,220,D'occasion
840248,Sacré-cœur,iPhone,7.0,30,216,D'occasion
290246,Plateau,iPhone,8.0,26,153,D'occasion
285247,Plateau,ZTE,1.0,31,217,D'occasion
235246,Ngor,iPhone,8.0,30,121,D'occasion
290247,Plateau,iPad,6.0,33,219,D'occasion
240247,Sicap Sacré-cœur,Viwa,7.0,24,154,D'occasion
260145,Liberte 6 extension,Nokia,6.0,26,218,D'occasion
615246,Yoff,iPhone,10.0,31,218,D'occasion
370245,Point-e,iPhone,5.0,24,155,D'occasion
190746,Dieuppeul,iPhone,7.0,33,216,D'occasion
330247,Grand-Yoff,iPhone,8.0,32,217,D'occasion
225247,Sicap foire,iPhone,5.0,21,106,D'occasion
375248,Plateau,Viwa,6.0,26,346,D'occasion
499248,Point-e,iPhone,8.0,32,219,D'occasion
409245,Plateau,iPhone,8.0,30,346,D'occasion
355246,Yoff,Honor,7.0,27,219,D'occasion
585246,Point-e,iPhone,7.0,34,217,D'occasion
460248,Sacré-cœur,iPhone,8.0,28,216,D'occasion
445247,Plateau,iPhone,8.0,26,219,D'occasion
440246,VDN,iPhone,6.0,23,346,D'occasion
660245,Patte d‘oie,iPhone,9.0,31,217,D'occasion
1080246,Point-e,iPhone,9.0,31,604,D'occasion
500246,Sicap Sacré-cœur,iPhone,8.0,26,218,D'occasion
640245,Grand-Yoff,iPad,3.0,27,346,D'occasion
330247,VDN,iPhone,6.0,25,218,D'occasion
570245,Saly,Xiaomi,8.0,31,346,D'occasion
545248,Fann,iPhone,6.0,32,345,D'occasion
190795,Fann,iPhone,8.0,37,345,D'occasion
770247,Ngaparou,iPhone,8.0,28,216,D'occasion
440246,Patte d‘oie,iPhone,8.0,22,215,D'occasion
270246,Patte d‘oie,iPhone,5.0,24,216,D'occasion
480247,Zone industrielle,ZTE,7.0,28,346,D'occasion
440247,Point-e,ZTE,7.0,27,346,D'occasion
565246,Plateau,Motorola,6.0,149,217,D'occasion
480246,Pikine,iPhone,8.0,27,219,D'occasion
540247,Liberte 5,iPhone,8.0,30,218,D'occasion
840248,Sacré-cœur,iPhone,9.0,31,216,D'occasion
290247,Pikine,iPhone,7.0,25,153,D'occasion
285246,Pikine,Xiaomi,0.0,32,218,D'occasion
235246,Ngaparou,iPhone,9.0,32,122,D'occasion
290248,Plateau,iPad,8.0,31,218,D'occasion
240247,Sicap Sacré-cœur,ZTE,7.0,23,154,D'occasion
260147,Liberte 6,Nodis,9.0,27,217,D'occasion
615249,Zone industrielle,iPhone,8.0,33,218,D'occasion
370247,Patte d‘oie,iPhone,6.0,25,155,D'occasion
190747,Dieuppeul,iPhone,7.0,32,218,D'occasion
330248,Grand-Yoff,iPhone,8.0,32,217,D'occasion
225246,Sicap Sacré-cœur,iPhone,6.0,22,107,D'occasion
375245,Plateau,Tecno,6.0,28,346,D'occasion
499245,Pikine,iPhone,7.0,32,218,D'occasion
409247,Point-e,iPhone,7.0,31,347,D'occasion
355248,Zone industrielle,Honor,6.0,27,216,D'occasion
585248,Plateau,iPhone,8.0,31,215,D'occasion
460246,Sacré-cœur,iPhone,8.0,27,219,D'occasion
445244,Yoff,iPhone,6.0,26,217,D'occasion
440248,Yoff,iPhone,7.0,22,345,D'occasion
660246,Plateau,iPhone,7.0,33,218,D'occasion
1080246,Point-e,iPhone,9.0,32,603,D'occasion
500244,Sicap Sacré-cœur,iPhone,7.0,23,217,D'occasion
640246,Guediawaye,ZTE,4.0,28,347,D'occasion
330246,Virage,iPhone,7.0,25,218,D'occasion
570247,Saly,ZTE,7.0,31,346,D'occasion
545247,Grand-Yoff,iPhone,9.0,33,345,D'occasion
190795,Fann,iPhone,7.0,35,346,D'occasion
770247,Mermoz,iPhone,9.0,28,218,D'occasion
440247,Pikine,iPhone,6.0,22,218,D'occasion
270246,Point-e,iPhone,6.0,23,218,D'occasion
480246,Yoff,iPad,7.0,27,346,D'occasion
440246,Plateau,Viwa,8.0,28,345,D'occasion
565244,Virage,LG,7.0,149,216,D'occasion
480245,Point-e,iPhone,8.0,27,218,D'occasion
540248,Liberte 6,iPhone,8.0,30,217,D'occasion
840248,Sacré-cœur,iPhone,7.0,32,215,D'occasion
290246,Point-e,iPhone,6.0,25,155,D'occasion
285248,Pikine,ZTE,1.0,32,218,D'occasion
235247,Ngor,iPhone,7.0,33,122,D'occasion
290245,Plateau,ZTE,8.0,32,217,D'occasion
240246,Sicap Sacré-cœur,Xiaomi,9.0,23,153,D'occasion
260149,Liberte 5,LG,8.0,25,218,D'occasion
615245,Yoff,iPhone,9.0,31,219,D'occasion
370247,Plateau,iPhone,7.0,25,153,D'occasion
190749,Fass,iPhone,9.0,32,219,D'occasion
330246,Gueule-Tapée,iPhone,7.0,32,217,D'occasion
225246,Sicap foire,iPhone,9.0,22,105,D'occasion
375247,Yoff,Viwa,6.0,27,345,D'occasion
499247,Point-e,iPhone,6.0,32,217,D'occasion
409249,Plateau,iPhone,6.0,31,346,D'occasion
355244,Yoff,Google,6.0,26,220,D'occasion
585246,Point-e,iPhone,8.0,31,220,D'occasion
460247,Plateau,iPhone,9.0,26,219,D'occasion
445246,Yoff,iPhone,6.0,25,218,D'occasion
440248,Sicap Sacré-cœur,iPhone,8.0,23,347,D'occasion
660246,Plateau,iPhone,6.0,30,216,D'occasion
1080247,Plateau,iPhone,9.0,32,601,D'occasion
500246,Sicap Sacré-cœur,iPhone,7.0,25,217,D'occasion
640246,Grand-Yoff,iPad,5.0,27,346,D'occasion
330247,VDN,iPhone,8.0,25,218,D'occasion
570246,Sicap Liberté,Viwa,7.0,32,346,D'occasion
545245,Fann,iPhone,7.0,32,347,D'occasion
190797,Fann,iPhone,7.0,36,346,D'occasion
770246,Liberte 6 extension,iPhone,7.0,27,216,D'occasion
440248,Point-e,iPhone,6.0,25,218,D'occasion
270246,Point-e,iPhone,5.0,25,220,D'occasion
480247,Virage,iPhone,7.0,27,345,D'occasion
440246,Pikine,Xiaomi,7.0,29,345,D'occasion
565247,Virage,Itel,6.0,148,217,D'occasion
480247,Point-e,iPhone,7.0,27,217,D'occasion
540246,Mermoz,iPhone,8.0,32,217,D'occasion
840247,Saly,iPhone,8.0,34,219,D'occasion
290246,Sacré-cœur,iPhone,7.0,26,154,D'occasion
285246,Point-e,Viwa,1.0,32,216,D'occasion
235247,Ngaparou,iPhone,8.0,33,123,D'occasion
290246,Plateau,Xiaomi,9.0,32,218,D'occasion
240246,Sicap Sacré-cœur,Xiaomi,6.0,24,153,D'occasion
260146,Liberte 6 extension,OnePlus,7.0,27,216,D'occasion
615245,Plateau,iPhone,8.0,31,218,D'occasion
370248,Sacré-cœur,iPhone,7.0,26,154,D'occasion
190747,Fass,iPhone,9.0,30,216,D'occasion
330246,Gueule-Tapée,iPhone,7.0,31,218,D'occasion
225245,Sicap Sacré-cœur,iPhone,5.0,21,104,D'occasion
375247,Virage,Xiaomi,7.0,26,345,D'occasion
499245,Plateau,iPhone,7.0,32,218,D'occasion
409246,Pikine,iPhone,8.0,32,346,D'occasion
355246,Zone industrielle,Google,7.0,29,218,D'occasion
585249,Point-e,iPhone,8.0,31,220,D'occasion
460245,Saly,iPhone,8.0,26,218,D'occasion
445246,Zone industrielle,iPhone,5.0,25,219,D'occasion
440246,Sicap foire,iPhone,7.0,23,346,D'occasion
660247,Point-e,iPhone,9.0,31,218,D'occasion
1080247,Plateau,iPhone,12.0,32,603,D'occasion
500245,Sicap Sacré-cœur,iPhone,8.0,24,218,D'occasion
640246,Guediawaye,ZTE,5.0,27,347,D'occasion
330248,Sicap foire,iPhone,10.0,24,218,D'occasion
570247,Sacré-cœur,Xiaomi,8.0,33,346,D'occasion
545248,Fann,iPhone,7.0,31,345,D'occasion
190798,Fenêtre mermoz,iPhone,8.0,36,347,D'occasion
370000,Hlm,iPhone,6.0,12,128,Réconditionné
270000,Médina,iPhone,6.0,12,128,Réconditionné
145000,Médina,iPhone,6.0,12,64,Réconditionné
462044,Liberte 6,ZTE,7.0,11,157,Réconditionné
362044,Ouakam,iPad,7.0,10,159,Réconditionné
237045,Nord foire,iPhone,6.0,11,96,Réconditionné
462044,Keur ndiaye lô,iPad,4.0,13,158,Réconditionné
362044,Ouakam,iPhone,7.0,11,157,Réconditionné
237044,Ouakam,ZTE,7.0,11,94,Réconditionné
462045,Keur ndiaye lô,ZTE,7.0,11,157,Réconditionné
362044,Nord foire,ZTE,8.0,11,160,Réconditionné
237044,Nord foire,iPad,7.0,10,94,Réconditionné
462043,Keur ndiaye lô,ZTE,6.0,12,160,Réconditionné
362046,Ngor,iPad,5.0,11,156,Réconditionné
237045,Ngor,iPad,4.0,11,92,Réconditionné
462045,Keur ndiaye lô,iPhone,6.0,12,158,Réconditionné
362045,Nord foire,iPhone,7.0,12,158,Réconditionné
237044,Ngor,iPad,6.0,13,92,Réconditionné
462044,Keur ndiaye lô,Xiaomi,6.0,11,158,Réconditionné
362046,Ouakam,iPhone,7.0,12,157,Réconditionné
237044,Ouakam,iPhone,7.0,12,94,Réconditionné
462045,Keur ndiaye lô,iPhone,7.0,10,157,Réconditionné
362043,Nord foire,iPhone,5.0,12,157,Réconditionné
237044,Ouakam,iPhone,5.0,13,94,Réconditionné
462046,Liberte 5,iPhone,6.0,11,158,Réconditionné
362044,Ngor,iPad,7.0,11,159,Réconditionné
237044,Ngor,iPad,5.0,8,95,Réconditionné
462045,Keur ndiaye lô,iPhone,7.0,11,159,Réconditionné
362044,Ngor,iPhone,6.0,12,157,Réconditionné
237045,Nord foire,iPhone,4.0,10,93,Réconditionné
462046,Liberte 6,iPad,6.0,11,158,Réconditionné
362044,Nord foire,ZTE,7.0,12,157,Réconditionné
237043,Nord foire,ZTE,6.0,13,94,Réconditionné
462045,Liberte 6 extension,iPhone,6.0,11,157,Réconditionné
362044,Ouakam,iPad,8.0,12,157,Réconditionné
237046,Nord foire,iPhone,7.0,12,92,Réconditionné
462042,Keur ndiaye lô,iPad,5.0,10,156,Réconditionné
362044,Ngaparou,iPhone,6.0,13,160,Réconditionné
237045,Ngor,iPad,6.0,11,94,Réconditionné
462044,Keur ndiaye lô,iPhone,7.0,10,158,Réconditionné
362042,Ouakam,iPhone,7.0,12,158,Réconditionné
237045,Nord foire,iPad,5.0,11,93,Réconditionné
462046,Liberte 6,iPad,6.0,14,159,Réconditionné
362045,Ngor,iPad,7.0,11,159,Réconditionné
237043,Ngaparou,iPhone,7.0,10,94,Réconditionné
462045,Liberte 6,iPhone,7.0,11,159,Réconditionné
362045,Ngaparou,iPhone,8.0,12,157,Réconditionné
237044,Ngor,iPhone,5.0,11,94,Réconditionné
462046,Liberte 5,iPhone,6.0,12,157,Réconditionné
362043,Nord foire,iPhone,6.0,10,158,Réconditionné
237042,Ngor,ZTE,7.0,10,93,Réconditionné
462044,Liberte 6,iPhone,6.0,12,157,Réconditionné
362046,Ngor,iPhone,6.0,14,159,Réconditionné
237045,Ouakam,ZTE,7.0,12,92,Réconditionné
462044,Liberte 5,iPad,8.0,11,159,Réconditionné
362045,Ouakam,iPhone,7.0,15,154,Réconditionné
237044,Ouest foire,iPhone,6.0,10,92,Réconditionné
462044,Liberte 6,iPhone,7.0,12,158,Réconditionné
362043,Ouakam,iPad,6.0,12,157,Réconditionné
237045,Ouakam,iPhone,7.0,12,94,Réconditionné
462044,Hlm grand-yoff,iPhone,7.0,12,157,Réconditionné
362043,Nord foire,iPad,6.0,11,158,Réconditionné
237043,Nord foire,iPad,7.0,11,94,Réconditionné
462044,Liberte 5,ZTE,8.0,13,159,Réconditionné
362042,Nord foire,ZTE,6.0,12,157,Réconditionné
237045,Ngor,iPad,7.0,11,94,Réconditionné
462044,Liberte 6,ZTE,6.0,10,157,Réconditionné
362044,Ouakam,ZTE,8.0,11,156,Réconditionné
237043,Ngor,iPhone,7.0,10,94,Réconditionné
462045,Keur ndiaye lô,iPad,5.0,12,158,Réconditionné
362044,Nord foire,iPad,8.0,11,157,Réconditionné
237046,Ngor,iPad,5.0,12,93,Réconditionné
462045,Keur ndiaye lô,iPhone,6.0,11,156,Réconditionné
362045,Ouakam,iPhone,8.0,11,158,Réconditionné
237044,Ngor,ZTE,5.0,11,93,Réconditionné
462043,Keur ndiaye lô,iPad,6.0,11,157,Réconditionné
362044,Nord foire,iPhone,6.0,10,155,Réconditionné
237045,Nord foire,iPhone,5.0,13,94,Réconditionné
462044,Liberte 5,iPhone,5.0,13,158,Réconditionné
362044,Ouakam,iPhone,6.0,11,156,Réconditionné
237045,Ouakam,iPad,8.0,12,94,Réconditionné
462044,Liberte 6,iPhone,5.0,12,158,Réconditionné
362044,Ngor,iPad,5.0,12,158,Réconditionné
237044,Nord foire,iPhone,6.0,12,95,Réconditionné
462043,Liberte 5,iPad,6.0,11,160,Réconditionné
362043,Ngor,iPad,7.0,11,157,Réconditionné
237045,Ngor,iPhone,8.0,12,94,Réconditionné
462044,Liberte 6,iPad,6.0,10,157,Réconditionné
362043,Ngor,iPad,5.0,13,158,Réconditionné
237044,Nord foire,iPhone,6.0,10,94,Réconditionné
462044,Liberte 5,iPhone,6.0,11,157,Réconditionné
362044,Ouakam,iPad,7.0,11,155,Réconditionné
237047,Ngaparou,Viwa,7.0,11,93,Réconditionné
462045,Liberte 5,iPhone,6.0,11,157,Réconditionné
362044,Nord foire,iPhone,6.0,10,158,Réconditionné
237046,Nord foire,iPad,6.0,11,95,Réconditionné
462045,Keur ndiaye lô,iPad,7.0,11,158,Réconditionné
362043,Nord foire,iPhone,7.0,14,158,Réconditionné
237045,Ngor,iPhone,7.0,12,95,Réconditionné
462046,Liberte 5,iPad,7.0,11,156,Réconditionné
362043,Ngor,iPhone,7.0,11,158,Réconditionné
237045,Nord foire,ZTE,6.0,11,95,Réconditionné
462045,Liberte 5,iPad,8.0,13,158,Réconditionné
362046,Ngaparou,iPhone,7.0,9,158,Réconditionné
237043,Ngor,iPad,6.0,13,92,Réconditionné
462045,Liberte 5,iPad,7.0,11,159,Réconditionné
362042,Ouakam,iPad,4.0,12,157,Réconditionné
237043,Nord foire,iPhone,7.0,10,93,Réconditionné
462045,Liberte 6,iPhone,7.0,11,156,Réconditionné
362044,Ouakam,iPhone,5.0,12,157,Réconditionné
237044,Ngaparou,ZTE,8.0,11,92,Réconditionné
462045,Liberte 5,iPhone,7.0,11,157,Réconditionné
362046,Ngaparou,iPhone,5.0,11,155,Réconditionné
237044,Ngor,iPhone,6.0,11,93,Réconditionné
462044,Liberte 5,iPhone,4.0,12,159,Réconditionné
362044,Ouakam,iPhone,6.0,12,158,Réconditionné
237046,Ouakam,iPad,6.0,13,93,Réconditionné
462045,Hlm grand-yoff,iPhone,6.0,11,158,Réconditionné
362044,Nord foire,ZTE,8.0,12,158,Réconditionné
237044,Médina,iPhone,5.0,12,94,Réconditionné
462044,Liberte 5,ZTE,6.0,12,158,Réconditionné
362043,Médina,ZTE,7.0,11,158,Réconditionné
237045,Ngor,iPad,6.0,11,92,Réconditionné
462045,Keur ndiaye lô,ZTE,6.0,11,158,Réconditionné
362043,Ngor,iPhone,5.0,11,160,Réconditionné
237044,Nord foire,iPhone,8.0,11,93,Réconditionné
462044,Liberte 6 extension,iPhone,8.0,10,159,Réconditionné
362044,Ngor,iPad,5.0,12,158,Réconditionné
237043,Ngor,iPad,5.0,13,94,Réconditionné
462043,Liberte 5,Xiaomi,6.0,12,158,Réconditionné
362043,Ngor,iPad,7.0,12,157,Réconditionné
237045,Ngaparou,iPhone,6.0,11,93,Réconditionné
462042,Liberte 5,iPhone,6.0,11,158,Réconditionné
362044,Ouest foire,Xiaomi,5.0,12,159,Réconditionné
237045,Nord foire,iPhone,7.0,11,94,Réconditionné
462043,Liberte 5,iPhone,7.0,12,159,Réconditionné
362046,Nord foire,ZTE,7.0,12,160,Réconditionné
237045,Ouakam,iPad,6.0,12,94,Réconditionné
462043,Liberte 6 extension,ZTE,6.0,11,157,Réconditionné
362043,Ngor,iPhone,5.0,13,157,Réconditionné
237043,Ouakam,iPad,8.0,13,93,Réconditionné
462043,Liberte 5,iPad,5.0,13,158,Réconditionné
362046,Ngor,iPhone,5.0,11,158,Réconditionné
237045,Ngor,ZTE,6.0,11,94,Réconditionné
462043,Keur ndiaye lô,iPhone,5.0,11,157,Réconditionné
362044,Nord foire,iPhone,5.0,12,158,Réconditionné
237045,Nord foire,iPhone,6.0,11,94,Réconditionné
462045,Liberte 5,iPhone,3.0,12,156,Réconditionné
362045,Ngor,ZTE,6.0,13,158,Réconditionné
237045,Ouakam,iPhone,7.0,12,95,Réconditionné
462045,Keur ndiaye lô,iPhone,6.0,11,157,Réconditionné
362043,Ngor,Xiaomi,5.0,12,158,Réconditionné
237044,Médina,iPad,6.0,12,94,Réconditionné
462044,Liberte 6,iPhone,6.0,12,157,Réconditionné
362045,Ngor,ZTE,5.0,11,158,Réconditionné
237044,Nord foire,iPhone,7.0,10,96,Réconditionné
462046,Keur ndiaye lô,iPhone,7.0,11,157,Réconditionné
362045,Nord foire,iPad,5.0,10,158,Réconditionné
237043,Ngor,iPad,5.0,12,93,Réconditionné
462044,Liberte 5,iPhone,8.0,11,156,Réconditionné
362045,Ngor,ZTE,7.0,10,157,Réconditionné
237046,Ngor,iPad,6.0,12,94,Réconditionné
462043,Liberte 5,iPad,6.0,11,158,Réconditionné
362046,Nord foire,iPhone,6.0,12,158,Réconditionné
237046,Nord foire,iPhone,6.0,11,95,Réconditionné
462043,Liberte 6,iPhone,5.0,12,157,Réconditionné
362044,Ouakam,iPad,4.0,13,156,Réconditionné
237044,Ngor,iPad,6.0,13,93,Réconditionné
462045,Keur ndiaye lô,iPhone,5.0,13,157,Réconditionné
362044,Ngor,iPad,6.0,12,157,Réconditionné
237043,Ngor,ZTE,7.0,10,93,Réconditionné
462044,Liberte 5,iPad,6.0,12,156,Réconditionné
362045,Ngaparou,iPad,6.0,12,157,Réconditionné
237044,Ngaparou,iPad,8.0,11,94,Réconditionné
462046,Liberte 6 extension,iPad,7.0,11,158,Réconditionné
362044,Ngor,iPhone,6.0,11,157,Réconditionné
237044,Nord foire,iPad,8.0,11,92,Réconditionné
462044,Liberte 6,iPhone,7.0,11,158,Réconditionné
362047,Ngor,ZTE,6.0,13,156,Réconditionné
237045,Nord foire,iPhone,7.0,11,94,Réconditionné
462043,Liberte 6,Xiaomi,7.0,12,157,Réconditionné
362045,Nord foire,ZTE,5.0,12,157,Réconditionné
237045,Ouakam,iPhone,6.0,11,93,Réconditionné
462043,Keur ndiaye lô,iPhone,5.0,12,155,Réconditionné
362042,Nord foire,iPad,7.0,10,159,Réconditionné
237047,Nord foire,iPad,8.0,10,93,Réconditionné
462043,Liberte 5,iPad,6.0,12,156,Réconditionné
362045,Ngor,iPad,7.0,12,159,Réconditionné
237044,Nord foire,Xiaomi,7.0,13,95,Réconditionné
462043,Liberte 6,iPhone,6.0,12,157,Réconditionné
362044,Nord foire,iPhone,5.0,11,158,Réconditionné
237045,Nord foire,iPhone,8.0,12,93,Réconditionné
462045,Keur ndiaye lô,iPhone,7.0,13,158,Réconditionné
362045,Ngor,iPhone,5.0,10,155,Réconditionné
237044,Nord foire,iPhone,3.0,12,96,Réconditionné
462044,Liberte 6,iPhone,6.0,12,156,Réconditionné
362045,Nord foire,Xiaomi,4.0,14,157,Réconditionné
237044,Ngor,iPhone,5.0,12,95,Réconditionné
462044,Liberte 6,iPhone,5.0,11,157,Réconditionné
362044,Nord foire,iPad,6.0,12,159,Réconditionné
237044,Ngor,iPhone,7.0,11,95,Réconditionné
462046,Hlm,iPad,4.0,12,159,Réconditionné
362043,Nord foire,iPad,5.0,13,157,Réconditionné
237043,Ngor,iPad,7.0,12,94,Réconditionné
462044,Liberte 5,iPad,6.0,11,159,Réconditionné
362044,Nord foire,iPhone,4.0,12,156,Réconditionné
237045,Nord foire,iPad,6.0,11,94,Réconditionné
462044,Liberte 5,ZTE,5.0,12,156,Réconditionné
362044,Nord foire,iPhone,7.0,12,157,Réconditionné
237044,Nord foire,iPhone,7.0,12,96,Réconditionné
462046,Liberte 6,iPad,6.0,13,158,Réconditionné
362046,Nord foire,iPhone,6.0,12,158,Réconditionné
237044,Ouakam,iPhone,7.0,11,93,Réconditionné
462044,Liberte 6,iPhone,7.0,12,156,Réconditionné
362043,Ngor,iPhone,7.0,12,158,Réconditionné
237044,Ngor,iPad,6.0,11,93,Réconditionné
462043,Liberte 6,iPad,7.0,11,158,Réconditionné
362046,Ouakam,iPhone,9.0,12,158,Réconditionné
237043,Ouakam,iPhone,7.0,13,94,Réconditionné
462043,Liberte 5,Xiaomi,6.0,12,158,Réconditionné
362045,Ouakam,ZTE,6.0,11,158,Réconditionné
237046,Ouakam,iPhone,4.0,12,93,Réconditionné
462045,Keur ndiaye lô,ZTE,6.0,10,156,Réconditionné
362043,Nord foire,iPad,6.0,11,158,Réconditionné
237045,Nord foire,iPhone,6.0,11,94,Réconditionné
462043,Hlm grand-yoff,iPhone,7.0,12,158,Réconditionné
362043,Nord foire,iPhone,6.0,12,156,Réconditionné
237045,Ouakam,ZTE,6.0,13,93,Réconditionné
462045,Liberte 6,iPhone,6.0,11,159,Réconditionné
362044,Nord foire,iPhone,7.0,11,159,Réconditionné
237045,Ngaparou,iPhone,7.0,11,93,Réconditionné
462044,Liberte 5,iPad,7.0,12,158,Réconditionné
362044,Nord foire,iPad,6.0,12,158,Réconditionné
237043,Ngor,iPhone,5.0,12,94,Réconditionné
462044,Liberte 5,ZTE,6.0,10,158,Réconditionné
362046,Ouest foire,iPhone,7.0,12,155,Réconditionné
237045,Nord foire,iPad,7.0,12,95,Réconditionné
462043,Hlm grand-yoff,iPhone,7.0,13,158,Réconditionné
362046,Nord foire,iPhone,8.0,11,158,Réconditionné
237045,Nord foire,iPad,5.0,11,96,Réconditionné
462044,Liberte 6,iPhone,6.0,12,159,Réconditionné
362042,Ouakam,iPhone,5.0,12,158,Réconditionné
237045,Nord foire,ZTE,8.0,11,93,Réconditionné
462042,Liberte 5,iPhone,7.0,9,158,Réconditionné
362044,Ngor,iPad,7.0,13,156,Réconditionné
237042,Ngaparou,iPhone,6.0,11,93,Réconditionné
462043,Liberte 6,ZTE,6.0,13,156,Réconditionné
362046,Ngor,iPhone,8.0,13,158,Réconditionné
237045,Ouakam,iPad,5.0,11,94,Réconditionné
462044,Hlm grand-yoff,iPad,4.0,11,159,Réconditionné
362045,Ouest foire,iPad,6.0,11,157,Réconditionné
237046,Nord foire,iPhone,5.0,12,93,Réconditionné
462044,Keur ndiaye lô,iPad,4.0,11,158,Réconditionné
362047,Nord foire,iPad,7.0,11,156,Réconditionné
237044,Nord foire,ZTE,7.0,11,93,Réconditionné
462044,Keur ndiaye lô,iPad,6.0,13,158,Réconditionné
362043,Ouakam,iPhone,7.0,12,159,Réconditionné
237043,Nord foire,iPad,8.0,11,95,Réconditionné
462044,Liberte 5,iPhone,6.0,12,158,Réconditionné
362045,Ngaparou,iPad,7.0,12,158,Réconditionné
237044,Ngor,ZTE,6.0,11,95,Réconditionné
462044,Liberte 5,iPhone,7.0,11,156,Réconditionné
362044,Ngaparou,Xiaomi,7.0,11,158,Réconditionné
237044,Ngor,iPhone,6.0,12,93,Réconditionné
462042,Liberte 6 extension,iPad,5.0,10,157,Réconditionné
362043,Nord foire,iPhone,7.0,11,158,Réconditionné
237044,Nord foire,iPad,6.0,13,94,Réconditionné
462044,Liberte 5,ZTE,7.0,11,158,Réconditionné
362045,Nord foire,ZTE,7.0,9,157,Réconditionné
237045,Nord foire,iPad,6.0,14,95,Réconditionné
462044,Keur ndiaye lô,iPad,4.0,13,156,Réconditionné
362045,Ngor,iPhone,8.0,11,157,Réconditionné
237045,Ngor,ZTE,8.0,12,93,Réconditionné
462044,Keur ndiaye lô,iPhone,5.0,11,157,Réconditionné
362044,Ngor,iPhone,6.0,12,159,Réconditionné
237045,Ouest foire,iPad,7.0,9,93,Réconditionné
462045,Hlm grand-yoff,iPad,5.0,10,157,Réconditionné
362045,Ouakam,iPad,8.0,12,157,Réconditionné
237044,Nord foire,ZTE,7.0,12,94,Réconditionné
462043,Liberte 5,iPhone,6.0,11,157,Réconditionné
362045,Nord foire,iPad,7.0,11,157,Réconditionné
237043,Ouakam,iPad,4.0,10,96,Réconditionné
462044,Keur ndiaye lô,iPhone,6.0,12,156,Réconditionné
362045,Ouakam,ZTE,6.0,9,157,Réconditionné
237045,Ngor,iPhone,5.0,12,94,Réconditionné
462044,Liberte 5,iPhone,7.0,13,157,Réconditionné
362044,Ngor,ZTE,6.0,10,156,Réconditionné
237044,Ngor,iPhone,5.0,11,93,Réconditionné
462045,Liberte 6,ZTE,8.0,10,158,Réconditionné
362043,Nord foire,Xiaomi,5.0,11,159,Réconditionné
237044,Ngaparou,ZTE,7.0,12,93,Réconditionné
462044,Liberte 5,iPad,5.0,11,158,Réconditionné
362043,Ngor,ZTE,6.0,13,157,Réconditionné
237046,Ngaparou,ZTE,7.0,13,93,Réconditionné
462044,Liberte 5,iPhone,6.0,11,158,Réconditionné
362045,Ngor,ZTE,6.0,13,159,Réconditionné
237044,Ngaparou,iPhone,5.0,10,93,Réconditionné
462044,Liberte 6,iPad,7.0,11,159,Réconditionné
362043,Ouakam,iPhone,7.0,11,158,Réconditionné
237044,Nord foire,iPad,6.0,11,95,Réconditionné
462045,Hlm grand-yoff,ZTE,8.0,12,158,Réconditionné
362044,Médina,iPhone,7.0,12,157,Réconditionné
237045,Nord foire,iPhone,6.0,13,94,Réconditionné
462043,Liberte 5,iPad,5.0,12,160,Réconditionné
362042,Nord foire,iPad,6.0,12,158,Réconditionné
237045,Nord foire,Xiaomi,7.0,12,95,Réconditionné
462046,Keur ndiaye lô,ZTE,7.0,11,157,Réconditionné
362042,Ouakam,iPhone,4.0,10,157,Réconditionné
237044,Ngaparou,iPhone,5.0,11,94,Réconditionné
462044,Liberte 5,iPad,6.0,10,157,Réconditionné
362044,Nord foire,iPhone,4.0,11,156,Réconditionné
237043,Ngaparou,iPad,7.0,11,94,Réconditionné
462044,Liberte 5,iPhone,5.0,11,157,Réconditionné
362044,Ngor,iPhone,6.0,9,158,Réconditionné
237044,Nord foire,iPad,7.0,12,93,Réconditionné
462045,Hlm grand-yoff,iPhone,6.0,10,158,Réconditionné
362045,Ouakam,ZTE,7.0,11,158,Réconditionné
237044,Nord foire,ZTE,6.0,11,94,Réconditionné
462044,Keur ndiaye lô,iPad,7.0,12,158,Réconditionné
362044,Ngor,iPhone,7.0,10,156,Réconditionné
237044,Nord foire,ZTE,5.0,11,93,Réconditionné
462044,Hlm,iPhone,7.0,11,158,Réconditionné
362045,Ouakam,iPad,5.0,12,158,Réconditionné
237044,Ouakam,iPhone,7.0,12,94,Réconditionné
462045,Liberte 5,iPhone,5.0,11,158,Réconditionné
362044,Ouest foire,iPad,5.0,11,157,Réconditionné
237045,Nord foire,iPad,3.0,11,95,Réconditionné
462043,Keur ndiaye lô,iPhone,5.0,10,157,Réconditionné
362043,Ngor,iPad,6.0,12,158,Réconditionné
237046,Ngor,iPhone,8.0,10,94,Réconditionné
462045,Liberte 5,iPhone,6.0,11,158,Réconditionné
362044,Ngor,iPad,7.0,10,158,Réconditionné
237045,Nord foire,iPad,5.0,11,92,Réconditionné
462044,Keur ndiaye lô,iPad,5.0,12,158,Réconditionné
362042,Ouakam,iPad,5.0,11,158,Réconditionné
237044,Nord foire,iPad,4.0,13,95,Réconditionné
462045,Keur ndiaye lô,iPhone,5.0,13,159,Réconditionné
362044,Ngor,ZTE,5.0,12,157,Réconditionné
237044,Ngaparou,iPhone,7.0,11,95,Réconditionné
462046,Keur ndiaye lô,Xiaomi,5.0,13,156,Réconditionné
362044,Ngor,iPhone,7.0,11,157,Réconditionné
237045,Nord foire,iPad,6.0,11,93,Réconditionné
462044,Liberte 5,iPhone,5.0,11,158,Réconditionné
362044,Nord foire,iPad,6.0,12,158,Réconditionné
237044,Ngor,iPad,9.0,11,93,Réconditionné
462045,Hlm grand-yoff,iPhone,4.0,11,158,Réconditionné
362045,Ouakam,iPhone,6.0,13,157,Réconditionné
237043,Ngor,iPhone,8.0,12,93,Réconditionné
462046,Liberte 6,iPad,6.0,12,158,Réconditionné
362044,Ouakam,ZTE,7.0,12,157,Réconditionné
237044,Nord foire,iPhone,5.0,12,94,Réconditionné
462044,Liberte 6 extension,iPad,5.0,11,157,Réconditionné
362045,Nord foire,ZTE,6.0,10,158,Réconditionné
237043,Ngor,iPad,6.0,11,94,Réconditionné
462043,Keur ndiaye lô,iPad,6.0,12,157,Réconditionné
362043,Ngaparou,iPad,6.0,12,160,Réconditionné
237044,Ouakam,iPhone,8.0,12,94,Réconditionné
462046,Keur ndiaye lô,iPad,7.0,10,158,Réconditionné
362044,Ngor,iPhone,7.0,9,157,Réconditionné
237045,Ngaparou,iPhone,5.0,12,95,Réconditionné
462045,Liberte 6,iPhone,6.0,13,158,Réconditionné
362044,Ngor,iPad,7.0,12,158,Réconditionné
237044,Ngor,iPhone,6.0,11,95,Réconditionné
462044,Liberte 6,iPad,7.0,12,158,Réconditionné
362043,Ngaparou,iPad,8.0,12,159,Réconditionné
237044,Ngor,iPhone,5.0,10,94,Réconditionné
462044,Liberte 6,iPhone,7.0,10,158,Réconditionné
362045,Ouest foire,iPhone,6.0,11,159,Réconditionné
237045,Nord foire,iPad,6.0,11,93,Réconditionné
462044,Liberte 5,ZTE,8.0,12,159,Réconditionné
362043,Ouakam,iPad,4.0,14,159,Réconditionné
237044,Ngaparou,iPad,6.0,12,94,Réconditionné
462044,Liberte 5,iPhone,5.0,11,157,Réconditionné
362042,Ouakam,iPad,5.0,10,159,Réconditionné
237044,Ngaparou,ZTE,5.0,12,94,Réconditionné
462045,Hlm grand-yoff,iPad,7.0,13,158,Réconditionné
362045,Nord foire,iPad,6.0,10,158,Réconditionné
237042,Ouakam,iPhone,7.0,11,95,Réconditionné
462044,Liberte 5,iPad,6.0,13,157,Réconditionné
362046,Nord foire,iPhone,7.0,10,159,Réconditionné
237045,Ouakam,iPhone,6.0,12,93,Réconditionné
462042,Liberte 5,iPhone,6.0,12,157,Réconditionné
362045,Nord foire,iPhone,6.0,12,157,Réconditionné
237044,Nord foire,ZTE,6.0,13,93,Réconditionné
462045,Liberte 6 extension,iPhone,7.0,11,159,Réconditionné
362043,Ngor,iPhone,7.0,13,157,Réconditionné
237044,Ouakam,iPad,7.0,12,96,Réconditionné
462044,Liberte 5,iPhone,6.0,11,156,Réconditionné
362045,Ngaparou,iPad,6.0,13,159,Réconditionné
237045,Nord foire,iPhone,6.0,11,94,Réconditionné
462042,Liberte 5,iPhone,6.0,11,158,Réconditionné
362043,Ouakam,iPad,6.0,11,159,Réconditionné
237044,Ngor,ZTE,6.0,13,95,Réconditionné
462044,Liberte 6,iPhone,6.0,10,158,Réconditionné
362044,Nord foire,iPad,5.0,11,158,Réconditionné
237043,Ngor,iPhone,5.0,11,93,Réconditionné
462044,Liberte 5,iPhone,5.0,12,158,Réconditionné
362046,Ngaparou,iPad,6.0,13,160,Réconditionné
237043,Nord foire,iPad,7.0,14,93,Réconditionné
462046,Liberte 6,iPad,6.0,11,156,Réconditionné
362044,Nord foire,iPad,7.0,12,158,Réconditionné
237045,Ngor,ZTE,5.0,15,93,Réconditionné
462043,Liberte 5,iPhone,6.0,13,157,Réconditionné
362045,Nord foire,iPhone,7.0,12,159,Réconditionné
237044,Nord foire,iPhone,5.0,8,95,Réconditionné
462044,Liberte 5,iPad,6.0,12,159,Réconditionné
362044,Ouakam,iPad,6.0,13,158,Réconditionné
237045,Nord foire,iPhone,6.0,11,94,Réconditionné
462045,Liberte 5,iPad,7.0,11,158,Réconditionné
362044,Nord foire,ZTE,6.0,11,157,Réconditionné
237045,Ngor,iPad,6.0,10,94,Réconditionné
462043,Keur ndiaye lô,iPhone,7.0,12,157,Réconditionné
362043,Ngor,iPad,5.0,10,157,Réconditionné
237045,Ngaparou,iPhone,7.0,12,92,Réconditionné
462045,Liberte 5,iPhone,7.0,12,157,Réconditionné
362046,Nord foire,iPhone,7.0,11,157,Réconditionné
237044,Nord foire,iPhone,8.0,11,92,Réconditionné
462044,Keur ndiaye lô,iPhone,6.0,11,157,Réconditionné
362044,Ngor,iPad,8.0,12,158,Réconditionné
237045,Nord foire,iPad,6.0,12,95,Réconditionné
462045,Keur ndiaye lô,iPhone,6.0,9,159,Réconditionné
362044,Ngaparou,iPad,6.0,11,159,Réconditionné
237045,Ngor,iPhone,7.0,11,94,Réconditionné
462046,Liberte 5,ZTE,7.0,12,158,Réconditionné
362045,Ngaparou,iPhone,7.0,11,159,Réconditionné
237046,Nord foire,ZTE,8.0,12,93,Réconditionné
462045,Liberte 6,iPad,6.0,11,159,Réconditionné
362043,Nord foire,iPhone,7.0,12,158,Réconditionné
237046,Ngor,iPhone,6.0,11,94,Réconditionné
462045,Keur ndiaye lô,iPad,8.0,12,158,Réconditionné
362045,Médina,iPad,6.0,12,159,Réconditionné
237043,Ngor,iPad,6.0,13,93,Réconditionné
462044,Liberte 6,iPhone,6.0,11,157,Réconditionné
362044,Ngor,ZTE,5.0,11,157,Réconditionné
237044,Ngor,iPhone,5.0,11,96,Réconditionné
462043,Liberte 6,iPhone,8.0,11,158,Réconditionné
362044,Ngor,iPad,6.0,12,161,Réconditionné
237045,Nord foire,iPad,7.0,12,95,Réconditionné
462042,Keur ndiaye lô,iPhone,6.0,11,157,Réconditionné
362044,Ouest foire,iPhone,8.0,11,158,Réconditionné
237044,Ouest foire,iPad,6.0,11,92,Réconditionné
462044,Liberte 5,iPhone,5.0,10,157,Réconditionné
362043,Nord foire,iPhone,5.0,11,158,Réconditionné
237047,Ngor,iPhone,7.0,11,94,Réconditionné
462045,Liberte 5,ZTE,5.0,11,157,Réconditionné
362044,Ouakam,iPhone,8.0,11,158,Réconditionné
237044,Ngor,iPad,7.0,10,92,Réconditionné
462047,Liberte 6 extension,iPhone,6.0,11,159,Réconditionné
362043,Nord foire,iPhone,7.0,11,156,Réconditionné
237044,Nord foire,iPad,4.0,12,94,Réconditionné
462044,Liberte 6,iPad,7.0,12,158,Réconditionné
362044,Ngor,ZTE,6.0,11,156,Réconditionné
237044,Nord foire,ZTE,6.0,12,95,Réconditionné
462044,Keur ndiaye lô,iPhone,7.0,12,158,Réconditionné
362045,Ouakam,iPad,7.0,11,157,Réconditionné
237045,Ouakam,iPhone,7.0,12,94,Réconditionné
462043,Liberte 6,iPhone,7.0,13,157,Réconditionné
362044,Nord foire,iPhone,5.0,13,158,Réconditionné
237045,Nord foire,iPhone,5.0,12,93,Réconditionné
462043,Liberte 5,iPhone,9.0,12,159,Réconditionné
362044,Médina,iPad,7.0,11,157,Réconditionné
237043,Ngor,ZTE,7.0,11,93,Réconditionné
462044,Liberte 6,iPad,7.0,12,158,Réconditionné
362044,Ngor,iPad,4.0,11,157,Réconditionné
237043,Nord foire,iPad,7.0,13,92,Réconditionné
462044,Liberte 6,iPad,6.0,12,159,Réconditionné
362044,Ngor,iPhone,7.0,11,158,Réconditionné
237043,Nord foire,iPhone,6.0,11,95,Réconditionné
462045,Hlm grand-yoff,iPhone,6.0,11,160,Réconditionné
362043,Ngor,ZTE,6.0,13,158,Réconditionné
237043,Ngaparou,iPhone,6.0,12,93,Réconditionné
462044,Liberte 6,iPhone,5.0,12,155,Réconditionné
362043,Nord foire,ZTE,5.0,12,156,Réconditionné
237044,Nord foire,iPhone,6.0,10,95,Réconditionné
462044,Keur ndiaye lô,iPhone,5.0,12,158,Réconditionné
362044,Ngor,iPhone,5.0,10,158,Réconditionné
237043,Nord foire,iPhone,8.0,12,93,Réconditionné
462044,Liberte 5,iPad,6.0,10,158,Réconditionné
362043,Ngor,iPhone,7.0,10,158,Réconditionné
237043,Ngor,Xiaomi,5.0,11,95,Réconditionné
462047,Keur ndiaye lô,iPad,6.0,11,158,Réconditionné
362044,Ouest foire,iPad,7.0,12,159,Réconditionné
237045,Ouakam,iPad,6.0,12,96,Réconditionné
462044,Liberte 5,Xiaomi,6.0,11,159,Réconditionné
362045,Nord foire,iPad,7.0,10,159,Réconditionné
237044,Nord foire,iPhone,7.0,11,93,Réconditionné
462042,Liberte 6,iPhone,5.0,11,158,Réconditionné
362042,Ngor,iPad,7.0,11,159,Réconditionné
237045,Ngor,iPhone,8.0,13,96,Réconditionné
462045,Liberte 5,iPhone,7.0,11,158,Réconditionné
362044,Nord foire,iPhone,7.0,13,160,Réconditionné
237044,Ngor,iPad,6.0,11,94,Réconditionné
462044,Liberte 5,iPhone,7.0,10,159,Réconditionné
362045,Nord foire,iPad,7.0,11,157,Réconditionné
237043,Nord foire,iPhone,7.0,12,93,Réconditionné
462042,Hlm grand-yoff,iPhone,8.0,10,158,Réconditionné
362044,Nord foire,iPhone,6.0,12,157,Réconditionné
237045,Ngor,iPhone,6.0,12,95,Réconditionné
462043,Liberte 6,ZTE,6.0,10,159,Réconditionné
362044,Ngor,iPhone,5.0,9,158,Réconditionné
237043,Ngor,iPad,6.0,12,93,Réconditionné
462044,Keur ndiaye lô,iPhone,6.0,12,159,Réconditionné
362044,Ouakam,iPad,4.0,10,156,Réconditionné
237045,Ngor,iPad,6.0,11,95,Réconditionné
462045,Keur ndiaye lô,iPhone,8.0,10,159,Réconditionné
362046,Nord foire,iPhone,7.0,11,158,Réconditionné
237044,Nord foire,iPad,7.0,11,94,Réconditionné
462045,Hlm grand-yoff,iPhone,7.0,12,158,Réconditionné
362045,Nord foire,Xiaomi,7.0,11,156,Réconditionné
237045,Nord foire,iPhone,7.0,11,94,Réconditionné
462041,Liberte 5,iPad,6.0,10,158,Réconditionné
362044,Nord foire,iPhone,8.0,13,159,Réconditionné
237044,Nord foire,iPad,7.0,10,95,Réconditionné
462046,Liberte 5,iPhone,6.0,12,156,Réconditionné
362044,Ouakam,iPhone,8.0,14,160,Réconditionné
237045,Ouakam,iPad,5.0,12,94,Réconditionné
462044,Liberte 5,iPad,6.0,11,158,Réconditionné
362044,Ouakam,iPhone,6.0,11,158,Réconditionné
237045,Nord foire,iPad,7.0,11,95,Réconditionné
462045,Liberte 6,iPhone,5.0,11,158,Réconditionné
362044,Nord foire,iPad,4.0,12,157,Réconditionné
237044,Ouakam,iPhone,5.0,12,93,Réconditionné
462043,Keur ndiaye lô,iPad,7.0,11,157,Réconditionné
362044,Nord foire,iPhone,5.0,11,156,Réconditionné
237043,Ouakam,iPhone,6.0,11,94,Réconditionné
462045,Liberte 6,iPhone,5.0,12,156,Réconditionné
362044,Ngor,ZTE,5.0,12,158,Réconditionné
237044,Nord foire,ZTE,7.0,12,93,Réconditionné
462043,Keur ndiaye lô,iPhone,6.0,10,156,Réconditionné
362044,Nord foire,iPhone,7.0,11,157,Réconditionné
237045,Nord foire,iPhone,8.0,11,96,Réconditionné
462045,Liberte 5,iPhone,7.0,10,159,Réconditionné
362044,Nord foire,iPhone,6.0,12,157,Réconditionné
237043,Ngaparou,iPad,4.0,9,93,Réconditionné
462044,Liberte 5,iPhone,7.0,11,158,Réconditionné
362046,Ngor,iPhone,7.0,12,157,Réconditionné
237045,Ngaparou,iPhone,7.0,10,94,Réconditionné
462045,Liberte 5,ZTE,6.0,13,156,Réconditionné
362044,Nord foire,iPhone,7.0,11,159,Réconditionné
237044,Ouakam,iPad,6.0,13,94,Réconditionné
462044,Liberte 6,ZTE,6.0,11,158,Réconditionné
362044,Ouest foire,iPhone,8.0,13,159,Réconditionné
237042,Nord foire,iPad,6.0,12,94,Réconditionné
462043,Liberte 5,iPad,6.0,12,158,Réconditionné
362045,Ouakam,iPhone,5.0,14,158,Réconditionné
237046,Ouakam,ZTE,6.0,11,93,Réconditionné
462044,Liberte 6,iPhone,6.0,12,157,Réconditionné
362045,Ngor,ZTE,4.0,13,159,Réconditionné
237045,Nord foire,iPhone,5.0,11,93,Réconditionné
462044,Liberte 6,iPad,6.0,11,156,Réconditionné
362045,Nord foire,iPhone,6.0,11,158,Réconditionné
237046,Nord foire,ZTE,6.0,13,93,Réconditionné
462043,Liberte 5,iPhone,5.0,11,159,Réconditionné
362044,Nord foire,iPhone,8.0,11,157,Réconditionné
237044,Ngor,iPad,6.0,11,95,Réconditionné
462044,Hlm grand-yoff,iPhone,6.0,10,157,Réconditionné
362045,Ngaparou,iPhone,6.0,12,158,Réconditionné
237046,Ouakam,iPad,6.0,10,95,Réconditionné
462042,Keur ndiaye lô,iPad,6.0,13,157,Réconditionné
362043,Ouakam,iPad,5.0,11,157,Réconditionné
237045,Ngor,iPad,5.0,11,93,Réconditionné
462043,Liberte 5,iPad,6.0,11,159,Réconditionné
362045,Ngor,ZTE,6.0,11,159,Réconditionné
237045,Ngor,iPad,5.0,12,94,Réconditionné
462046,Keur ndiaye lô,iPad,5.0,10,159,Réconditionné
362044,Nord foire,ZTE,6.0,11,159,Réconditionné
237044,Ouakam,iPad,5.0,10,94,Réconditionné
462044,Liberte 5,ZTE,6.0,11,157,Réconditionné
362045,Nord foire,iPhone,6.0,13,157,Réconditionné
237043,Ouakam,iPad,6.0,12,94,Réconditionné
462046,Liberte 6,iPhone,6.0,11,158,Réconditionné
362042,Ngor,iPhone,7.0,11,153,Réconditionné
237045,Ouest foire,iPad,6.0,12,93,Réconditionné
462043,Keur ndiaye lô,Xiaomi,8.0,12,159,Réconditionné
362045,Ouakam,iPhone,5.0,12,158,Réconditionné
237044,Nord foire,iPad,7.0,14,94,Réconditionné
462044,Liberte 5,iPhone,8.0,11,158,Réconditionné
362046,Ouakam,iPad,7.0,12,157,Réconditionné
237042,Ngaparou,iPad,6.0,11,94,Réconditionné
462045,Keur ndiaye lô,iPad,6.0,10,160,Réconditionné
362043,Ngaparou,iPhone,6.0,11,156,Réconditionné
237045,Ouest foire,iPhone,6.0,11,93,Réconditionné
462045,Liberte 6,iPhone,8.0,10,158,Réconditionné
362044,Nord foire,ZTE,5.0,10,156,Réconditionné
237043,Nord foire,iPhone,5.0,13,94,Réconditionné
462045,Liberte 5,iPhone,6.0,11,158,Réconditionné
362043,Ngor,Xiaomi,8.0,12,158,Réconditionné
237044,Nord foire,iPad,6.0,12,95,Réconditionné
462044,Liberte 5,iPhone,5.0,10,158,Réconditionné
362044,Ouakam,iPhone,8.0,11,157,Réconditionné
237045,Ngaparou,iPad,6.0,11,93,Réconditionné
462043,Liberte 5,iPad,5.0,12,158,Réconditionné
362041,Ouakam,ZTE,8.0,13,159,Réconditionné
237045,Nord foire,iPad,6.0,12,93,Réconditionné
462044,Liberte 5,iPhone,6.0,12,159,Réconditionné
362045,Ngor,ZTE,5.0,11,158,Réconditionné
237047,Ouakam,Xiaomi,7.0,11,94,Réconditionné
462043,Liberte 6,iPhone,7.0,11,158,Réconditionné
362045,Ngor,iPhone,6.0,13,157,Réconditionné
237045,Ouakam,iPhone,7.0,11,94,Réconditionné
462043,Liberte 5,iPad,6.0,12,158,Réconditionné
362047,Ngaparou,iPad,7.0,10,158,Réconditionné
237043,Ngor,iPhone,8.0,12,94,Réconditionné
462045,Liberte 5,ZTE,5.0,11,158,Réconditionné
362045,Nord foire,iPhone,4.0,13,157,Réconditionné
237046,Ngor,iPhone,7.0,12,94,Réconditionné
462043,Liberte 5,ZTE,7.0,11,158,Réconditionné
362044,Nord foire,iPhone,6.0,12,159,Réconditionné
237044,Nord foire,iPad,6.0,12,93,Réconditionné
462045,Liberte 5,iPhone,6.0,10,157,Réconditionné
362045,Ngaparou,iPad,6.0,12,158,Réconditionné
237044,Ouakam,iPhone,8.0,11,93,Réconditionné
462045,Liberte 6,iPad,6.0,11,157,Réconditionné
362044,Ngor,iPhone,8.0,11,160,Réconditionné
237045,Parcelles Assainies,iPhone,5.0,12,95,Réconditionné
462045,Liberte 5,iPhone,6.0,11,157,Réconditionné
362043,Ngor,ZTE,8.0,12,158,Réconditionné
237044,Ngor,iPad,5.0,12,94,Réconditionné
462044,Liberte 5,iPhone,6.0,11,158,Réconditionné
362046,Ngor,iPhone,5.0,12,158,Réconditionné
237044,Ngaparou,iPhone,7.0,11,94,Réconditionné
462045,Liberte 5,iPad,9.0,12,159,Réconditionné
362045,Ngor,iPad,7.0,11,157,Réconditionné
237045,Nord foire,iPhone,7.0,12,95,Réconditionné
462045,Liberte 6 extension,iPhone,5.0,9,158,Réconditionné
362045,Ngor,iPhone,6.0,14,158,Réconditionné
237045,Nord foire,iPad,6.0,10,94,Réconditionné
462044,Keur ndiaye lô,iPhone,8.0,13,157,Réconditionné
362045,Nord foire,iPad,5.0,10,157,Réconditionné
237044,Ouest foire,iPad,7.0,10,93,Réconditionné
462043,Liberte 5,iPhone,6.0,13,158,Réconditionné
362044,Liberte 6 extension,ZTE,6.0,12,158,Réconditionné
237044,Ouakam,iPhone,8.0,12,93,Réconditionné
462043,Hlm,iPad,6.0,13,157,Réconditionné
362046,Nord foire,iPad,8.0,12,158,Réconditionné
237045,Ngor,iPhone,7.0,12,93,Réconditionné
462044,Liberte 6,iPad,6.0,12,157,Réconditionné
362044,Nord foire,iPhone,6.0,11,159,Réconditionné
237043,Nord foire,ZTE,7.0,12,94,Réconditionné
462046,Liberte 6 extension,iPad,7.0,12,158,Réconditionné
362045,Ngor,ZTE,5.0,11,159,Réconditionné
237043,Ngaparou,iPad,7.0,12,93,Réconditionné
462045,Keur ndiaye lô,iPhone,6.0,12,158,Réconditionné
362042,Nord foire,iPad,6.0,13,158,Réconditionné
237045,Ouakam,iPhone,6.0,13,92,Réconditionné
462044,Liberte 6,ZTE,6.0,11,158,Réconditionné
362047,Nord foire,iPad,8.0,12,158,Réconditionné
237044,Ngor,iPhone,6.0,11,94,Réconditionné
462046,Liberte 6,iPhone,7.0,11,156,Réconditionné
362046,Nord foire,iPhone,5.0,12,157,Réconditionné
237042,Nord foire,iPhone,6.0,12,93,Réconditionné
462045,Liberte 5,ZTE,5.0,12,157,Réconditionné
362046,Ouakam,iPhone,6.0,11,156,Réconditionné
237043,Ngor,iPad,7.0,11,94,Réconditionné
462044,Liberte 5,Xiaomi,6.0,12,157,Réconditionné
362044,Ouakam,iPhone,5.0,14,158,Réconditionné
237045,Ouakam,ZTE,6.0,11,95,Réconditionné
462043,Liberte 6 extension,iPhone,5.0,10,159,Réconditionné
362045,Nord foire,iPad,7.0,13,158,Réconditionné
237044,Ouakam,iPhone,5.0,11,94,Réconditionné
462044,Liberte 6,iPhone,6.0,11,158,Réconditionné
362044,Ngaparou,iPhone,6.0,12,158,Réconditionné
237046,Nord foire,ZTE,4.0,11,94,Réconditionné
462045,Liberte 6,ZTE,6.0,11,159,Réconditionné
362043,Ouakam,iPad,7.0,13,156,Réconditionné
237044,Ouest foire,iPad,5.0,10,93,Réconditionné
462044,Keur ndiaye lô,ZTE,6.0,12,159,Réconditionné
362044,Médina,iPhone,6.0,12,157,Réconditionné
237043,Médina,iPad,6.0,11,95,Réconditionné
462044,Keur ndiaye lô,iPhone,5.0,9,158,Réconditionné
362045,Ngor,iPhone,6.0,12,156,Réconditionné
237044,Ngaparou,ZTE,5.0,11,94,Réconditionné
462045,Hlm grand-yoff,ZTE,7.0,11,156,Réconditionné
362045,Nord foire,ZTE,6.0,12,158,Réconditionné
237044,Ngaparou,iPad,5.0,11,95,Réconditionné
462045,Liberte 5,iPhone,7.0,12,158,Réconditionné
362045,Ngor,iPhone,5.0,10,158,Réconditionné
237044,Ngor,iPhone,8.0,13,93,Réconditionné
462043,Liberte 5,iPad,7.0,11,157,Réconditionné
362046,Nord foire,iPad,8.0,14,157,Réconditionné
237045,Ouakam,iPhone,6.0,10,93,Réconditionné
462044,Liberte 5,iPhone,8.0,10,157,Réconditionné
362045,Ouakam,iPad,6.0,10,157,Réconditionné
237043,Ngor,iPad,7.0,10,95,Réconditionné
462045,Keur ndiaye lô,iPhone,7.0,10,158,Réconditionné
362043,Ouakam,iPad,5.0,11,158,Réconditionné
237044,Nord foire,ZTE,8.0,11,94,Réconditionné
462045,Keur ndiaye lô,iPad,6.0,12,157,Réconditionné
362044,Nord foire,iPhone,7.0,9,159,Réconditionné
237045,Ouakam,iPad,6.0,12,93,Réconditionné
462043,Liberte 5,iPhone,7.0,10,156,Réconditionné
362045,Nord foire,iPhone,5.0,12,158,Réconditionné
237044,Nord foire,ZTE,7.0,11,93,Réconditionné
462046,Liberte 5,iPad,6.0,11,158,Réconditionné
362045,Ngor,ZTE,5.0,13,157,Réconditionné
237043,Ouakam,ZTE,6.0,11,94,Réconditionné
462044,Liberte 5,iPhone,5.0,12,157,Réconditionné
362044,Ngor,iPhone,6.0,10,158,Réconditionné
237043,Ngaparou,iPhone,6.0,10,93,Réconditionné
462046,Keur ndiaye lô,ZTE,6.0,10,157,Réconditionné
362044,Ngor,iPad,6.0,10,158,Réconditionné
237042,Nord foire,iPad,6.0,12,94,Réconditionné
462045,Liberte 5,iPhone,7.0,11,158,Réconditionné
362043,Ouakam,Xiaomi,6.0,12,159,Réconditionné
237044,Nord foire,iPhone,5.0,11,94,Réconditionné
462045,Liberte 5,iPhone,6.0,14,157,Réconditionné
362043,Ngaparou,ZTE,7.0,11,157,Réconditionné
237044,Nord foire,iPhone,6.0,11,95,Réconditionné
462043,Liberte 6,iPad,7.0,12,158,Réconditionné
362046,Ngor,iPhone,6.0,13,159,Réconditionné
237045,Nord foire,iPad,6.0,12,93,Réconditionné
462044,Keur ndiaye lô,iPad,6.0,13,157,Réconditionné
362043,Ouakam,iPhone,6.0,13,156,Réconditionné
237043,Ouakam,iPad,6.0,12,94,Réconditionné
462044,Hlm,iPad,6.0,12,157,Réconditionné
362045,Nord foire,iPhone,8.0,11,157,Réconditionné
237042,Ngor,iPad,6.0,11,94,Réconditionné
462044,Keur ndiaye lô,iPad,5.0,11,158,Réconditionné
362043,Nord foire,ZTE,6.0,10,157,Réconditionné
237045,Nord foire,iPad,6.0,12,92,Réconditionné
462044,Liberte 6,iPad,6.0,11,157,Réconditionné
362044,Nord foire,ZTE,4.0,13,157,Réconditionné
237043,Nord foire,iPad,5.0,13,93,Réconditionné
462046,Keur ndiaye lô,iPhone,6.0,10,159,Réconditionné
362042,Ouakam,iPhone,5.0,12,157,Réconditionné
237043,Ngor,iPhone,5.0,11,93,Réconditionné
462046,Liberte 6,iPhone,8.0,11,158,Réconditionné
362045,Nord foire,ZTE,6.0,11,158,Réconditionné
237042,Ouakam,iPad,4.0,11,92,Réconditionné
462044,Liberte 6,iPhone,6.0,10,155,Réconditionné
362045,Nord foire,iPhone,5.0,11,157,Réconditionné
237044,Ngor,iPhone,6.0,11,95,Réconditionné
462044,Keur ndiaye lô,iPad,7.0,13,157,Réconditionné
362042,Ouakam,iPad,5.0,12,158,Réconditionné
237043,Ngaparou,ZTE,6.0,12,92,Réconditionné
462044,Liberte 6,iPhone,9.0,12,158,Réconditionné
362042,Ouakam,iPhone,6.0,12,157,Réconditionné
237045,Ngor,iPad,6.0,11,94,Réconditionné
462044,Keur ndiaye lô,iPhone,6.0,10,158,Réconditionné
362044,Ngor,iPhone,7.0,13,157,Réconditionné
237043,Ngaparou,iPad,7.0,11,95,Réconditionné
462044,Liberte 5,iPad,7.0,13,158,Réconditionné
362043,Parcelles Assainies,iPad,7.0,12,159,Réconditionné
237045,Nord foire,iPhone,9.0,10,94,Réconditionné
462045,Liberte 5,ZTE,5.0,10,156,Réconditionné
362044,Nord foire,ZTE,6.0,10,159,Réconditionné
237043,Nord foire,iPad,6.0,11,95,Réconditionné
462045,Liberte 6 extension,iPad,7.0,9,157,Réconditionné
362044,Nord foire,iPhone,7.0,12,156,Réconditionné
237044,Ngaparou,iPad,8.0,14,95,Réconditionné
462043,Liberte 5,ZTE,8.0,13,159,Réconditionné
362041,Ngor,iPhone,6.0,13,158,Réconditionné
237045,Ngor,iPhone,5.0,11,94,Réconditionné
462045,Liberte 5,iPad,6.0,10,158,Réconditionné
362044,Ouest foire,iPad,7.0,10,158,Réconditionné
237045,Nord foire,iPhone,6.0,10,94,Réconditionné
462045,Liberte 5,iPad,7.0,12,157,Réconditionné
362047,Ouakam,iPhone,6.0,11,157,Réconditionné
237044,Nord foire,iPhone,5.0,10,92,Réconditionné
462046,Keur ndiaye lô,iPhone,8.0,11,157,Réconditionné
362043,Ngaparou,iPhone,8.0,11,158,Réconditionné
237043,Ngor,iPad,7.0,11,93,Réconditionné
462043,Liberte 5,ZTE,5.0,11,157,Réconditionné
362047,Ngor,ZTE,7.0,12,157,Réconditionné
237044,Nord foire,iPad,5.0,12,95,Réconditionné
462044,Liberte 5,iPhone,7.0,13,158,Réconditionné
362043,Ouakam,iPhone,7.0,12,156,Réconditionné
237044,Ngaparou,ZTE,7.0,13,93,Réconditionné
462044,Keur ndiaye lô,iPhone,6.0,12,158,Réconditionné
362045,Ngor,iPad,8.0,12,157,Réconditionné
237046,Nord foire,iPad,5.0,11,93,Réconditionné
462044,Liberte 5,iPad,7.0,12,156,Réconditionné
362045,Ouakam,ZTE,6.0,13,156,Réconditionné
237044,Ngor,iPad,6.0,12,95,Réconditionné
462045,Keur ndiaye lô,iPhone,6.0,9,156,Réconditionné
362044,Nord foire,iPhone,7.0,12,158,Réconditionné
237046,Nord foire,ZTE,4.0,12,94,Réconditionné
462044,Liberte 6,ZTE,4.0,11,157,Réconditionné
362044,Ngaparou,iPhone,7.0,10,156,Réconditionné
237045,Nord foire,iPhone,6.0,13,95,Réconditionné
462044,Liberte 6,iPhone,5.0,11,158,Réconditionné
362044,Ngor,iPhone,7.0,12,157,Réconditionné
237045,Nord foire,iPad,8.0,11,93,Réconditionné
462044,Keur ndiaye lô,iPhone,7.0,12,158,Réconditionné
362044,Ngor,iPhone,6.0,13,157,Réconditionné
237044,Ouest foire,ZTE,7.0,11,94,Réconditionné
462044,Liberte 6,iPad,7.0,13,160,Réconditionné
362044,Nord foire,iPad,5.0,11,158,Réconditionné
237045,Nord foire,iPhone,6.0,12,92,Réconditionné
462044,Liberte 5,iPad,4.0,11,158,Réconditionné
362043,Ouakam,iPad,6.0,12,158,Réconditionné
237044,Ouakam,iPhone,7.0,10,94,Réconditionné
462043,Liberte 5,iPhone,6.0,13,159,Réconditionné
362046,Ngaparou,iPhone,5.0,12,157,Réconditionné
237046,Ouest foire,iPhone,8.0,9,94,Réconditionné
462044,Liberte 5,ZTE,7.0,11,159,Réconditionné
362046,Nord foire,iPhone,7.0,11,158,Réconditionné
237044,Nord foire,iPad,5.0,11,93,Réconditionné
462046,Liberte 6,iPad,5.0,11,158,Réconditionné
362045,Nord foire,iPhone,6.0,12,157,Réconditionné
237043,Ngor,Xiaomi,6.0,15,93,Réconditionné
462046,Liberte 5,iPhone,5.0,12,158,Réconditionné
362043,Ngor,iPad,7.0,10,158,Réconditionné
237046,Nord foire,Xiaomi,8.0,11,92,Réconditionné
462044,Hlm grand-yoff,iPhone,7.0,11,158,Réconditionné
362045,Ouakam,iPhone,8.0,13,157,Réconditionné
237043,Ngor,ZTE,7.0,11,95,Réconditionné
462045,Hlm grand-yoff,ZTE,5.0,12,157,Réconditionné
362046,Ouakam,iPhone,6.0,12,158,Réconditionné
237043,Ouest foire,ZTE,7.0,11,94,Réconditionné
462042,Liberte 6,iPhone,6.0,9,158,Réconditionné
362044,Nord foire,iPhone,6.0,12,159,Réconditionné
237045,Ouakam,iPad,6.0,13,94,Réconditionné
462043,Liberte 5,iPhone,7.0,12,157,Réconditionné
362044,Nord foire,ZTE,4.0,11,159,Réconditionné
237045,Nord foire,iPhone,6.0,12,94,Réconditionné
462044,Liberte 6,iPad,8.0,12,159,Réconditionné
362045,Ngor,iPhone,5.0,10,156,Réconditionné
237046,Nord foire,iPad,7.0,11,96,Réconditionné
462045,Keur ndiaye lô,iPad,7.0,12,157,Réconditionné
362043,Ouakam,iPad,5.0,13,158,Réconditionné
237044,Ouakam,iPad,4.0,11,95,Réconditionné
462043,Hlm grand-yoff,iPhone,5.0,11,158,Réconditionné
362043,Nord foire,iPhone,5.0,12,157,Réconditionné
237044,Ngor,iPad,6.0,11,93,Réconditionné
462046,Liberte 5,iPhone,5.0,12,158,Réconditionné
362044,Nord foire,iPad,6.0,10,158,Réconditionné
237043,Nord foire,iPhone,5.0,12,93,Réconditionné
462045,Liberte 6,iPad,6.0,14,158,Réconditionné
362043,Ngaparou,iPhone,8.0,11,158,Réconditionné
237043,Ouakam,iPhone,9.0,10,95,Réconditionné
462043,Liberte 6,iPhone,6.0,11,159,Réconditionné
362043,Ngaparou,iPad,6.0,10,157,Réconditionné
237044,Nord foire,iPhone,6.0,13,93,Réconditionné
462046,Liberte 5,ZTE,6.0,13,158,Réconditionné
362044,Nord foire,ZTE,6.0,11,157,Réconditionné
237045,Ngor,iPad,6.0,12,94,Réconditionné
462044,Keur ndiaye lô,ZTE,6.0,11,156,Réconditionné
362045,Ngor,iPhone,8.0,14,157,Réconditionné
237047,Nord foire,iPad,5.0,12,94,Réconditionné
462043,Liberte 5,ZTE,6.0,11,157,Réconditionné
362044,Ngor,iPhone,5.0,10,159,Réconditionné
237044,Nord foire,ZTE,8.0,12,94,Réconditionné
462044,Hlm grand-yoff,iPhone,7.0,12,156,Réconditionné
362044,Ouakam,iPad,4.0,13,158,Réconditionné
237043,Nord foire,iPhone,6.0,12,93,Réconditionné
462046,Keur ndiaye lô,iPad,6.0,12,158,Réconditionné
362045,Nord foire,iPad,6.0,13,158,Réconditionné
237044,Nord foire,iPhone,5.0,12,93,Réconditionné
462043,Keur ndiaye lô,iPhone,4.0,11,157,Réconditionné
362045,Ngor,ZTE,6.0,12,158,Réconditionné
237045,Nord foire,ZTE,6.0,10,94,Réconditionné
462045,Liberte 6,iPad,6.0,13,158,Réconditionné
362043,Nord foire,iPad,6.0,11,158,Réconditionné
237046,Ouakam,iPhone,8.0,11,93,Réconditionné
462045,Hlm grand-yoff,iPad,7.0,9,158,Réconditionné
362045,Nord foire,iPhone,8.0,11,157,Réconditionné
237043,Ouakam,iPad,8.0,12,94,Réconditionné
462045,Liberte 5,iPhone,7.0,12,159,Réconditionné
362045,Ouakam,ZTE,5.0,13,158,Réconditionné
237045,Médina,iPhone,6.0,13,93,Réconditionné
462045,Liberte 6,iPhone,6.0,11,156,Réconditionné
362045,Nord foire,ZTE,5.0,9,158,Réconditionné
237044,Nord foire,ZTE,7.0,11,93,Réconditionné
462044,Liberte 6 extension,iPhone,6.0,10,157,Réconditionné
362044,Ngor,iPad,6.0,10,157,Réconditionné
237044,Nord foire,iPad,7.0,11,94,Réconditionné
462044,Keur ndiaye lô,iPad,6.0,12,158,Réconditionné
362045,Ouakam,ZTE,6.0,12,159,Réconditionné
237044,Ouakam,iPad,5.0,12,94,Réconditionné
462043,Hlm grand-yoff,iPad,8.0,12,155,Réconditionné
362044,Nord foire,iPhone,6.0,11,157,Réconditionné
237044,Ngor,iPhone,7.0,12,94,Réconditionné
462045,Liberte 5,iPad,7.0,12,159,Réconditionné
362044,Nord foire,iPad,7.0,12,159,Réconditionné
237045,Ouakam,iPad,6.0,13,95,Réconditionné
462044,Liberte 5,iPhone,8.0,11,159,Réconditionné
362045,Nord foire,iPhone,5.0,11,156,Réconditionné
237044,Nord foire,ZTE,7.0,12,93,Réconditionné
462044,Liberte 5,iPad,6.0,14,158,Réconditionné
362044,Ngor,iPhone,5.0,12,160,Réconditionné
237045,Nord foire,iPhone,5.0,11,95,Réconditionné
462043,Liberte 5,iPad,5.0,12,158,Réconditionné
362043,Ngor,iPhone,6.0,11,156,Réconditionné
237043,Nord foire,iPad,6.0,10,94,Réconditionné
462043,Liberte 5,iPhone,7.0,11,159,Réconditionné
362045,Nord foire,iPhone,4.0,11,157,Réconditionné
237045,Ouakam,iPhone,7.0,11,93,Réconditionné
462044,Liberte 5,iPhone,6.0,11,157,Réconditionné
362043,Nord foire,ZTE,5.0,12,158,Réconditionné
237044,Nord foire,iPad,7.0,11,91,Réconditionné
462043,Liberte 5,iPhone,7.0,11,157,Réconditionné
362045,Nord foire,iPad,8.0,12,157,Réconditionné
237044,Nord foire,ZTE,7.0,10,93,Réconditionné
462045,Liberte 6,iPhone,7.0,14,159,Réconditionné
362045,Ngor,iPhone,6.0,13,159,Réconditionné
237043,Ouakam,iPhone,5.0,11,94,Réconditionné
462044,Keur ndiaye lô,iPhone,6.0,11,159,Réconditionné
362043,Nord foire,ZTE,7.0,12,156,Réconditionné
237044,Ngaparou,iPad,7.0,11,93,Réconditionné
462045,Keur ndiaye lô,ZTE,6.0,14,157,Réconditionné
362045,Nord foire,iPhone,6.0,9,157,Réconditionné
237044,Ngor,iPhone,6.0,11,92,Réconditionné
462044,Keur ndiaye lô,iPad,5.0,13,157,Réconditionné
362044,Nord foire,ZTE,5.0,10,158,Réconditionné
237044,Nord foire,iPad,6.0,12,93,Réconditionné
462046,Liberte 5,iPhone,7.0,11,158,Réconditionné
362041,Ngor,iPhone,6.0,13,157,Réconditionné
237045,Ouakam,iPad,7.0,10,93,Réconditionné
462044,Keur ndiaye lô,iPhone,6.0,11,157,Réconditionné
362044,Nord foire,iPad,6.0,11,156,Réconditionné
237046,Ngaparou,iPhone,6.0,12,93,Réconditionné
462044,Liberte 6,iPhone,6.0,11,160,Réconditionné
362045,Ngor,iPad,7.0,13,157,Réconditionné
237043,Ngor,iPhone,4.0,11,94,Réconditionné
462045,Hlm grand-yoff,iPhone,5.0,12,157,Réconditionné
362045,Ouakam,iPhone,6.0,11,157,Réconditionné
237044,Nord foire,iPhone,6.0,12,93,Réconditionné
462046,Liberte 6 extension,iPad,7.0,12,158,Réconditionné
362045,Ouakam,ZTE,6.0,12,157,Réconditionné
237045,Ngor,iPhone,4.0,11,93,Réconditionné
462045,Liberte 6,iPhone,7.0,12,158,Réconditionné
362045,Ouakam,iPad,5.0,13,157,Réconditionné
237043,Nord foire,iPhone,5.0,12,94,Réconditionné
462045,Liberte 5,iPad,7.0,11,158,Réconditionné
362043,Ouakam,iPad,6.0,12,157,Réconditionné
237044,Nord foire,iPhone,8.0,11,95,Réconditionné
462045,Liberte 5,iPhone,7.0,12,159,Réconditionné
362043,Parcelles Assainies,ZTE,6.0,10,159,Réconditionné
237044,Nord foire,iPad,6.0,12,93,Réconditionné
462045,Liberte 5,iPhone,7.0,14,156,Réconditionné
362043,Ouakam,iPhone,7.0,13,158,Réconditionné
237044,Nord foire,iPad,5.0,12,93,Réconditionné
462045,Liberte 5,iPad,7.0,11,157,Réconditionné
362042,Ngor,ZTE,6.0,10,158,Réconditionné
237043,Nord foire,iPad,6.0,13,93,Réconditionné
462044,Liberte 5,iPhone,5.0,11,157,Réconditionné
362045,Ngor,iPhone,6.0,10,158,Réconditionné
237043,Nord foire,iPhone,6.0,10,94,Réconditionné
462044,Liberte 5,iPad,7.0,12,158,Réconditionné
362046,Ngor,iPhone,6.0,12,159,Réconditionné
237045,Nord foire,iPad,8.0,12,95,Réconditionné
462043,Liberte 5,ZTE,6.0,12,157,Réconditionné
362045,Nord foire,iPad,5.0,11,157,Réconditionné
237046,Nord foire,iPhone,7.0,11,94,Réconditionné
462044,Keur ndiaye lô,iPad,6.0,12,157,Réconditionné
362044,Nord foire,ZTE,4.0,13,158,Réconditionné
237045,Ouakam,iPad,5.0,13,93,Réconditionné
462045,Liberte 5,ZTE,7.0,12,157,Réconditionné
362043,Ouakam,iPad,5.0,12,160,Réconditionné
237044,Ngor,iPhone,8.0,14,94,Réconditionné
462047,Hlm grand-yoff,iPhone,8.0,11,158,Réconditionné
362046,Ngor,iPad,5.0,12,157,Réconditionné
237044,Ngor,iPad,6.0,11,93,Réconditionné
462045,Liberte 6,iPhone,5.0,12,158,Réconditionné
362045,Nord foire,iPad,5.0,12,157,Réconditionné
237043,Nord foire,iPhone,5.0,12,93,Réconditionné
462044,Liberte 5,ZTE,6.0,12,157,Réconditionné
362045,Ngor,iPad,7.0,10,157,Réconditionné
237043,Ouakam,iPhone,6.0,11,95,Réconditionné
462043,Liberte 6,iPhone,7.0,11,157,Réconditionné
362045,Nord foire,iPad,6.0,11,156,Réconditionné
237043,Ouakam,iPad,8.0,14,92,Réconditionné
462045,Liberte 6,ZTE,6.0,12,160,Réconditionné
362046,Ouakam,iPhone,6.0,12,157,Réconditionné
237045,Nord foire,iPhone,6.0,13,95,Réconditionné
462043,Keur ndiaye lô,iPad,7.0,13,159,Réconditionné
362045,Ngor,iPad,5.0,12,156,Réconditionné
237044,Nord foire,iPad,7.0,12,93,Réconditionné
462044,Liberte 6,iPhone,9.0,11,158,Réconditionné
362043,Nord foire,iPad,6.0,12,158,Réconditionné
237045,Nord foire,iPhone,7.0,14,93,Réconditionné
462046,Liberte 5,ZTE,8.0,10,157,Réconditionné
362043,Nord foire,iPhone,5.0,11,157,Réconditionné
237045,Nord foire,iPad,6.0,12,94,Réconditionné
462044,Keur ndiaye lô,iPhone,6.0,12,158,Réconditionné
362046,Nord foire,iPhone,7.0,11,158,Réconditionné
237044,Ngaparou,iPhone,6.0,11,94,Réconditionné
462044,Liberte 6,iPad,6.0,12,157,Réconditionné
362045,Nord foire,iPhone,6.0,12,158,Réconditionné
237043,Nord foire,iPad,5.0,11,93,Réconditionné
462044,Liberte 5,iPhone,6.0,11,157,Réconditionné
362046,Ouakam,iPhone,5.0,11,157,Réconditionné
237045,Ouest foire,Xiaomi,6.0,12,93,Réconditionné
462046,Liberte 6,iPad,5.0,13,157,Réconditionné
362044,Ngor,iPhone,8.0,15,156,Réconditionné
237044,Ngor,iPhone,6.0,12,93,Réconditionné
462044,Liberte 6,iPad,7.0,11,160,Réconditionné
362045,Nord foire,iPhone,6.0,11,159,Réconditionné
237044,Nord foire,iPhone,7.0,12,95,Réconditionné
462044,Keur ndiaye lô,iPhone,6.0,12,157,Réconditionné
362045,Nord foire,iPhone,6.0,11,158,Réconditionné
237044,Nord foire,ZTE,6.0,11,94,Réconditionné
462044,Keur ndiaye lô,iPad,6.0,12,159,Réconditionné
362045,Ngor,iPad,7.0,11,158,Réconditionné
237045,Nord foire,ZTE,6.0,11,95,Réconditionné
462044,Keur ndiaye lô,iPad,7.0,11,158,Réconditionné
362043,Nord foire,iPhone,6.0,12,160,Réconditionné
237043,Ouakam,ZTE,7.0,11,95,Réconditionné
462044,Liberte 5,iPhone,6.0,11,158,Réconditionné
362045,Ngor,iPhone,7.0,12,157,Réconditionné
237043,Ouakam,iPhone,6.0,11,94,Réconditionné
462044,Liberte 6,ZTE,6.0,11,159,Réconditionné
362045,Ouakam,iPhone,7.0,10,159,Réconditionné
237046,Ngor,iPhone,4.0,13,93,Réconditionné
462045,Hlm grand-yoff,iPhone,6.0,13,158,Réconditionné
362046,Nord foire,iPad,5.0,12,160,Réconditionné
237044,Ouakam,iPad,4.0,13,96,Réconditionné
462045,Liberte 5,iPhone,6.0,10,157,Réconditionné
362043,Ouakam,iPad,4.0,12,160,Réconditionné
237043,Ouakam,iPad,6.0,8,95,Réconditionné
462046,Hlm,iPhone,6.0,11,159,Réconditionné
362042,Ngor,iPhone,6.0,10,158,Réconditionné
237045,Ouest foire,iPhone,7.0,12,94,Réconditionné
462044,Keur ndiaye lô,iPad,6.0,12,158,Réconditionné
362045,Nord foire,iPhone,6.0,13,158,Réconditionné
237044,Ngor,iPhone,6.0,11,95,Réconditionné
462043,Liberte 5,iPad,6.0,10,157,Réconditionné
362045,Ouakam,iPhone,5.0,13,157,Réconditionné
237043,Ouakam,iPhone,6.0,11,93,Réconditionné
462045,Keur ndiaye lô,iPad,5.0,13,157,Réconditionné
362045,Ngor,iPad,8.0,10,158,Réconditionné
237044,Ouest foire,iPhone,7.0,11,94,Réconditionné
462044,Liberte 5,iPhone,6.0,11,158,Réconditionné
362043,Ouest foire,iPhone,7.0,12,158,Réconditionné
237044,Parcelles Assainies,iPhone,7.0,11,95,Réconditionné
462045,Keur ndiaye lô,iPad,7.0,10,157,Réconditionné
362046,Nord foire,iPad,6.0,11,157,Réconditionné
237047,Nord foire,iPad,6.0,10,94,Réconditionné
462045,Keur ndiaye lô,iPhone,8.0,12,157,Réconditionné
362045,Nord foire,iPad,6.0,13,157,Réconditionné
237044,Ngor,ZTE,5.0,11,93,Réconditionné
462042,Liberte 6 extension,iPad,6.0,11,157,Réconditionné
362045,Ngor,iPad,8.0,10,157,Réconditionné
237043,Ouakam,iPad,6.0,9,94,Réconditionné
462046,Liberte 6,ZTE,6.0,12,157,Réconditionné
362042,Ouakam,iPhone,7.0,11,158,Réconditionné
237046,Ouakam,ZTE,4.0,12,94,Réconditionné
462044,Liberte 5,iPad,6.0,10,157,Réconditionné
362044,Nord foire,iPad,4.0,12,159,Réconditionné
237044,Ngor,iPhone,6.0,12,93,Réconditionné
462045,Liberte 5,iPad,7.0,12,158,Réconditionné
362045,Ouakam,iPad,7.0,13,157,Réconditionné
237045,Ngor,Xiaomi,6.0,10,95,Réconditionné
462045,Hlm grand-yoff,iPhone,5.0,12,159,Réconditionné
362044,Ouakam,Xiaomi,5.0,11,158,Réconditionné
237045,Ouakam,iPhone,6.0,12,94,Réconditionné
462044,Keur ndiaye lô,iPad,5.0,13,157,Réconditionné
362043,Nord foire,iPad,7.0,12,158,Réconditionné
237044,Ngor,iPhone,9.0,11,94,Réconditionné
462044,Hlm,iPhone,7.0,12,158,Réconditionné
362044,Ngor,Xiaomi,6.0,11,158,Réconditionné
237045,Ngor,iPhone,6.0,11,94,Réconditionné
240000,Médina,Samsung,6.0,12,128,Neuf
530000,Médina,iPhone,6.0,12,128,Neuf
500000,Médina,iPhone,6.0,12,128,Neuf
250000,Médina,iPhone,6.0,12,128,Neuf
360000,Almadies,iPhone,6.0,12,128,Neuf
1500000,Plateau,Google,7.0,16,256,Neuf
315000,Plateau,iPhone,6.0,12,128,Neuf
465000,Médina,iPhone,6.0,12,512,Neuf
200000,Plateau,Huawei,6.0,8,256,Neuf
550000,Médina,iPhone,6.0,12,256,Neuf
1050000,Plateau,Samsung,6.0,12,256,Neuf
900000,Plateau,Samsung,7.0,12,256,Neuf
425000,VDN,iPhone,6.0,6,128,Neuf
750000,Sicap Sacré-cœur,Samsung,6.0,12,512,Neuf
580000,Plateau,Samsung,6.0,12,256,Neuf
760000,Plateau,iPhone,6.0,12,256,Neuf
900000,Plateau,Samsung,7.0,12,256,Neuf
680000,Plateau,iPhone,6.0,12,256,Neuf
600000,Plateau,iPhone,6.0,12,128,Neuf
700000,Plateau,iPhone,6.0,12,256,Neuf
210000,Médina,Google,6.0,12,128,Neuf
290000,Plateau,iPhone,5.0,3,256,Neuf
749000,Fenêtre mermoz,iPhone,6.0,12,256,Neuf
699000,Fenêtre mermoz,iPhone,6.0,12,256,Neuf
175000,Médina,iPhone,6.0,12,128,Neuf
60000,Guediawaye,Huawei,6.0,6,128,Neuf
1700000,Médina,iPad,6.0,12,2000,Neuf
285000,Plateau,Xiaomi,6.0,12,512,Neuf
420000,Liberte 6 extension,iPhone,6.0,6,128,Neuf
320000,Liberte 6 extension,iPhone,6.0,6,128,Neuf
750000,Plateau,Huawei,6.0,12,512,Neuf
1025000,Plateau,Samsung,6.0,12,256,Neuf
550000,Plateau,Samsung,6.0,12,256,Neuf
360000,Plateau,Samsung,6.0,12,256,Neuf
290000,Plateau,iPhone,6.0,12,128,Neuf
110000,Patte d‘oie,Samsung,6.0,8,256,Neuf
400000,Plateau,Samsung,6.0,12,256,Neuf
780000,Plateau,iPhone,6.0,12,256,Neuf
2400000,Plateau,Huawei,7.0,12,512,Neuf
70000,Colobane,Tecno,6.0,8,128,Neuf
60000,Colobane,Samsung,6.0,4,64,Neuf
85000,Colobane,Samsung,6.0,4,128,Neuf
20000,Colobane,Atouch,6.0,12,128,Neuf
18000,Colobane,Autres,6.0,12,128,Neuf
599000,Fenêtre mermoz,Samsung,6.0,12,256,Neuf
340000,Plateau,Samsung,6.0,12,256,Neuf
290000,Sicap foire,Samsung,6.0,12,128,Neuf
40000,Ouakam,iPhone,6.0,32,128,Neuf
140000,Médina,Oppo,6.0,8,128,Neuf
540000,Liberte 6 extension,iPhone,6.0,6,256,Neuf
1300000,Médina,Samsung,6.0,12,1000,Neuf
1250000,Yoff,Samsung,10.0,12,1000,Neuf
169000,Plateau,Samsung,6.0,6,128,Neuf
88000,Patte d‘oie,Samsung,6.0,8,256,Neuf
59900,Colobane,Infinix,6.0,8,128,Neuf
395000,Plateau,iPhone,6.0,12,256,Neuf
660000,Plateau,Samsung,6.0,12,512,Neuf
1100000,Plateau,Samsung,7.0,12,512,Neuf
220000,Médina,Samsung,6.0,12,128,Neuf
50000,Hlm,Autres,6.0,16,1000,Neuf
245000,Plateau,Google,6.0,8,128,Neuf
520000,Médina,iPhone,6.0,12,256,Neuf
380000,Point-e,iPhone,6.0,12,128,Neuf
600000,Point-e,iPhone,6.0,12,128,Neuf
325000,Plateau,Samsung,6.0,12,256,Neuf
395000,Plateau,Samsung,6.0,12,256,Neuf
445000,Plateau,iPhone,6.0,12,128,Neuf
89900,Colobane,Xiaomi,6.0,8,256,Neuf
35000,Colobane,Samsung,6.0,4,128,Neuf
35000,Colobane,Autres,6.0,3,32,Neuf
875000,Plateau,Huawei,6.0,16,512,Neuf
430000,Médina,iPhone,6.0,12,128,Neuf
35000,Colobane,Tecno,6.0,4,128,Neuf
75000,Colobane,Huawei,6.0,8,128,Neuf
89900,Patte d‘oie,Xiaomi,6.0,8,256,Neuf
370000,Médina,iPhone,7.0,9,256,Neuf
475000,Fenêtre mermoz,iPhone,6.0,12,128,Neuf
100000,Plateau,Samsung,6.0,12,128,Neuf
585000,Médina,iPhone,6.0,12,128,Neuf
300000,Fenêtre mermoz,Google,6.0,12,256,Neuf
335000,Pikine,Xiaomi,6.0,12,256,Neuf
550000,Hlm grand-yoff,Samsung,7.0,12,256,Neuf
500000,Hlm grand-yoff,iPhone,6.0,12,128,Neuf
375000,Hlm grand-yoff,iPhone,6.0,8,128,Neuf
500000,Plateau,Xiaomi,6.0,126,512,Neuf
360000,Plateau,Samsung,6.0,8,128,Neuf
245000,Plateau,Oppo,6.0,12,256,Neuf
545000,Plateau,Oppo,6.0,12,256,Neuf
80000,Parcelles Assainies,Samsung,6.0,4,128,Neuf
69900,Colobane,Motorola,6.0,12,64,Neuf
85000,Colobane,Xiaomi,6.0,8,256,Neuf
135000,Médina,Google,6.0,6,128,Neuf
1000000,Médina,Samsung,6.0,12,256,Neuf
450000,Médina,Huawei,6.0,8,256,Neuf
875000,Médina,Google,6.0,12,256,Neuf
165000,Colobane,Huawei,6.0,8,256,Neuf
95000,Gueule-Tapée,iPhone,6.0,12,64,Neuf
200000,Gueule-Tapée,iPhone,6.0,12,64,Neuf
300000,Gueule-Tapée,iPhone,6.0,12,256,Neuf
180000,Gueule-Tapée,iPhone,6.0,12,128,Neuf
285000,Gueule-Tapée,iPhone,6.0,12,128,Neuf
145000,Gueule-Tapée,iPhone,6.0,12,128,Neuf
310000,Gueule-Tapée,iPhone,6.0,12,128,Neuf
80000,Parcelles Assainies,LG,6.0,3,32,Neuf
710000,Médina,iPhone,6.0,12,128,Neuf
180000,Parcelles Assainies,Oppo,6.0,12,256,Neuf
720000,Médina,Samsung,6.0,12,256,Neuf
59900,Colobane,Tecno,6.0,8,128,Neuf
129900,Colobane,Huawei,6.0,8,128,Neuf
450000,Plateau,Huawei,6.0,8,256,Neuf
164900,Fass,Huawei,6.0,12,256,Neuf
50000,Parcelles Assainies,Samsung,6.0,3,32,Neuf
255000,Plateau,iPhone,6.0,6,256,Neuf
535000,Plateau,Samsung,6.0,12,256,Neuf
400000,Plateau,iPhone,6.0,6,128,Neuf
520000,Plateau,iPhone,6.0,8,256,Neuf
470000,Plateau,iPhone,6.0,8,128,Neuf
425000,Plateau,Samsung,6.0,12,256,Neuf
134900,Fass,Huawei,6.0,8,128,Neuf
980000,Point-e,Samsung,7.0,12,256,Neuf
270000,Point-e,Honor,6.0,8,256,Neuf
80000,Colobane,Samsung,6.0,4,128,Neuf
630000,Plateau,iPhone,6.0,6,256,Neuf
550000,Zone industrielle,Samsung,6.0,12,256,Neuf
285000,Guediawaye,Samsung,6.0,12,128,Neuf
450000,Guediawaye,Samsung,6.0,12,256,Neuf
300000,Médina,Samsung,6.0,12,256,Neuf
760000,Point-e,iPhone,6.0,12,128,Neuf
110000,Patte d‘oie,Samsung,6.0,8,256,Neuf
447000,Plateau,Samsung,6.0,12,256,Neuf
144900,Colobane,Huawei,6.0,12,128,Neuf
760000,Plateau,iPhone,6.0,12,256,Neuf
625000,Fenêtre mermoz,iPhone,6.0,12,128,Neuf
220000,Fass,LG,6.0,8,256,Neuf
295000,Médina,iPhone,6.0,12,128,Neuf
288500,Médina,iPhone,6.0,12,128,Neuf
135000,Plateau,Samsung,6.0,6,128,Neuf
215000,Médina,Samsung,6.0,12,128,Neuf
790000,Hann maristes,iPhone,6.0,256,128,Neuf
625000,Plateau,iPhone,6.0,12,256,Neuf
110000,Colobane,Infinix,6.0,16,256,Neuf
45000,Colobane,Itel,6.0,6,64,Neuf
180000,Plateau,iPhone,6.0,3,128,Neuf
640000,Point-e,Samsung,6.0,12,256,Neuf
490000,Point-e,iPhone,6.0,12,128,Neuf
285000,Parcelles Assainies,Xiaomi,6.0,11,512,Neuf
1080000,Médina,Samsung,6.0,12,512,Neuf
450000,Plateau,iPhone,6.0,12,256,Neuf
820000,Médina,iPhone,6.0,12,256,Neuf
980000,Médina,Samsung,6.0,12,256,Neuf
80000,Médina,Samsung,6.0,4,128,Neuf
110000,Médina,Xiaomi,6.0,8,128,Neuf
95000,Médina,Xiaomi,6.0,8,256,Neuf
68000,Colobane,Tecno,6.0,8,128,Neuf
140000,Colobane,Tecno,6.0,16,256,Neuf
35000,Colobane,Itel,5.0,4,32,Neuf
20000,Dieuppeul,Samsung,52.0,4,45,Neuf
123000,Colobane,iPhone,6.0,12,128,Neuf
298000,Colobane,iPhone,6.0,12,128,Neuf
265000,Colobane,iPhone,6.0,12,128,Neuf
155000,Colobane,iPhone,6.0,12,64,Neuf
459000,Colobane,iPhone,6.0,12,128,Neuf
389000,Colobane,iPhone,6.0,12,128,Neuf
395000,Dieuppeul,iPhone,6.0,12,128,Neuf
849000,Fenêtre mermoz,iPhone,6.0,12,512,Neuf
549000,Fenêtre mermoz,Google,6.0,12,128,Neuf
1050000,Fenêtre mermoz,iPhone,6.0,12,1000,Neuf
650000,Médina,iPhone,6.0,12,128,Neuf
699000,Plateau,iPhone,6.0,6,256,Neuf
150000,Colobane,Honor,6.0,8,256,Neuf
155000,Patte d‘oie,Xiaomi,6.0,8,256,Neuf
99900,Patte d‘oie,Xiaomi,6.0,8,256,Neuf
78000,Patte d‘oie,Samsung,6.0,4,128,Neuf
55000,Patte d‘oie,Samsung,6.0,4,64,Neuf
75000,Castor,Tecno,6.0,48,256,Neuf
669993,Point-e,iPhone,6.0,12,128,Neuf
1100000,Point-e,iPhone,6.0,12,256,Neuf
49900,Colobane,Itel,6.0,8,128,Neuf
55000,Colobane,Samsung,6.0,4,64,Neuf
155000,Parcelles Assainies,Xiaomi,6.0,8,256,Neuf
89900,Parcelles Assainies,Xiaomi,6.0,8,256,Neuf
110000,Parcelles Assainies,Samsung,6.0,8,256,Neuf
50000,Parcelles Assainies,Samsung,6.0,3,32,Neuf
120000,Parcelles Assainies,Xiaomi,6.0,8,256,Neuf
500000,Plateau,iPhone,6.0,6,128,Neuf
200000,Plateau,iPhone,6.0,4,64,Neuf
175000,Colobane,Huawei,6.0,8,256,Neuf
225000,Plateau,Xiaomi,6.0,8,256,Neuf
335000,Plateau,Oppo,6.0,12,512,Neuf
655000,Plateau,Samsung,6.0,12,256,Neuf
635000,Plateau,Samsung,6.0,12,128,Neuf
399900,Hann maristes,Samsung,7.0,12,256,Neuf
400000,Plateau,Oppo,6.0,12,256,Neuf
980000,Plateau,Samsung,7.0,12,512,Neuf
475000,Plateau,Google,6.0,12,256,Neuf
780000,Plateau,Google,7.0,12,256,Neuf
1150000,Hlm,Samsung,6.0,12,256,Neuf
580000,Plateau,Google,6.0,16,512,Neuf
850000,Fenêtre mermoz,Google,6.0,12,256,Neuf
325000,Plateau,Google,6.0,8,128,Neuf
52500,Plateau,Samsung,6.0,2,32,Neuf
350000,Liberte 6,iPhone,6.0,12,128,Neuf
330000,Hlm,iPhone,6.0,12,64,Neuf
430000,Hlm,Samsung,6.0,12,128,Neuf
65000,Médina,Infinix,6.0,8,128,Neuf
129900,Parcelles Assainies,Huawei,6.0,8,128,Neuf
65000,Colobane,Samsung,6.0,4,128,Neuf
590000,Hlm,Samsung,6.0,12,256,Neuf
499000,Hlm,iPhone,6.0,12,256,Neuf
125000,Médina,Samsung,6.0,6,128,Neuf
79000,Médina,Samsung,6.0,4,128,Neuf
155000,Médina,Xiaomi,6.0,8,256,Neuf
325000,Plateau,Google,6.0,8,256,Neuf
375000,Plateau,Xiaomi,6.0,12,512,Neuf
155000,Parcelles Assainies,Xiaomi,6.0,8,256,Neuf
99900,Parcelles Assainies,Xiaomi,6.0,8,256,Neuf
65000,Parcelles Assainies,Samsung,6.0,4,128,Neuf
80000,Parcelles Assainies,Samsung,6.0,4,128,Neuf
95000,Parcelles Assainies,Xiaomi,6.0,8,256,Neuf
65000,Colobane,Samsung,6.0,4,64,Neuf
140000,Colobane,Huawei,6.0,8,128,Neuf
55000,Colobane,Tecno,6.0,3,64,Neuf
900000,Plateau,Google,6.0,16,256,Neuf
600000,Plateau,Google,6.0,12,256,Neuf
420000,Fenêtre mermoz,Samsung,6.0,12,128,Neuf
269000,Médina,iPhone,6.0,12,128,Neuf
735000,Dieuppeul,iPhone,6.0,12,128,Neuf
289500,Médina,iPhone,6.0,12,128,Neuf
479000,Médina,iPhone,6.0,12,128,Neuf
389000,Médina,iPhone,6.0,12,128,Neuf
120000,Médina,iPhone,6.0,12,64,Neuf
205000,Médina,iPhone,6.0,12,64,Neuf
80000,Colobane,Samsung,5.0,6,128,Neuf
355000,Point-e,iPhone,6.0,8,128,Neuf
290000,Point-e,Honor,6.0,8,256,Neuf
765000,Plateau,iPhone,6.0,8,256,Neuf
175000,Plateau,Oppo,6.0,8,256,Neuf
425000,Plateau,Honor,6.0,12,512,Neuf
849000,Fenêtre mermoz,iPhone,6.0,12,256,Neuf
650000,Fenêtre mermoz,Samsung,6.0,12,256,Neuf
585000,Médina,Samsung,6.0,12,256,Neuf
500000,Médina,Samsung,6.0,12,512,Neuf
225000,Plateau,Xiaomi,6.0,8,256,Neuf
184900,Colobane,iPhone,6.0,12,128,Neuf
71900,Plateau,Tecno,6.0,16,128,Neuf
89900,Colobane,Xiaomi,6.0,8,256,Neuf
1500000,Plateau,Google,7.0,16,256,Neuf
280000,Plateau,Samsung,6.0,8,256,Neuf
210000,Colobane,LG,6.0,8,128,Neuf
190000,Colobane,Huawei,6.0,8,128,Neuf
800000,Médina,iPhone,6.0,12,256,Neuf
170000,Médina,Samsung,6.0,12,128,Neuf
65000,Colobane,Tecno,6.0,8,64,Neuf
29500,Castor,Autres,5.0,4,32,Neuf
49900,Colobane,Tecno,6.0,4,64,Neuf
475000,Fenêtre mermoz,iPhone,6.0,12,128,Neuf
550000,Médina,Samsung,6.0,12,512,Neuf
250000,Médina,Google,6.0,8,128,Neuf
130000,Sacré-cœur,iPhone,6.0,12,64,Neuf
290000,Plateau,iPhone,5.0,4,64,Neuf
325000,Plateau,iPhone,6.0,12,512,Neuf
48000,Plateau,Panasonic,1.0,12,128,Neuf
145000,Plateau,Oppo,6.0,8,256,Neuf
480000,Plateau,Samsung,6.0,12,512,Neuf
285000,Plateau,Samsung,6.0,8,128,Neuf
149900,Colobane,Samsung,6.0,8,128,Neuf
600000,Médina,Samsung,6.0,12,256,Neuf
560000,Plateau,iPhone,6.0,6,256,Neuf
510000,Sicap Liberté,Huawei,6.0,12,512,Neuf
340000,Médina,iPhone,6.0,12,128,Neuf
200000,Castor,Xiaomi,6.0,8,256,Neuf
849000,Fenêtre mermoz,iPhone,6.0,12,512,Neuf
285000,Médina,iPhone,6.0,12,128,Neuf
119500,Médina,iPhone,6.0,12,64,Neuf
335000,Médina,iPhone,6.0,12,128,Neuf
160000,Ouakam,Xiaomi,6.0,8,256,Neuf
64500,Castor,Samsung,6.0,4,128,Neuf
54500,Castor,Samsung,6.0,4,64,Neuf
32000,Castor,Autres,6.0,2,32,Neuf
108000,Castor,Infinix,6.0,16,256,Neuf
950000,Plateau,Huawei,6.0,16,512,Neuf
89900,Fass,Xiaomi,6.0,8,256,Neuf
565000,Plateau,Honor,6.0,12,512,Neuf
695000,Plateau,Samsung,6.0,12,256,Neuf
325000,Plateau,Samsung,6.0,12,256,Neuf
200000,Colobane,OnePlus,6.0,16,256,Neuf
550000,Colobane,Honor,6.0,12,512,Neuf
450000,Médina,Google,6.0,12,128,Neuf
280000,Médina,iPhone,6.0,12,128,Neuf
200000,Sicap Sacré-cœur,Samsung,47.0,12,128,Neuf
205000,Plateau,iPhone,6.0,12,128,Neuf
350000,Plateau,iPhone,6.0,12,128,Neuf
375000,Plateau,iPhone,6.0,12,128,Neuf
450000,Médina,Google,6.0,12,128,Neuf
825000,Grand-Yoff,iPhone,6.0,12,128,Neuf
475000,Plateau,Xiaomi,6.0,12,512,Neuf
450000,Plateau,iPhone,6.0,6,128,Neuf
550000,Guediawaye,Oppo,6.0,12,512,Neuf
220000,Médina,iPhone,6.0,12,64,Neuf
549000,Fenêtre mermoz,iPhone,6.0,12,256,Neuf
299000,Colobane,iPhone,6.0,12,128,Neuf
124500,Colobane,iPhone,6.0,12,64,Neuf
150000,Colobane,iPhone,6.0,12,64,Neuf
124500,Colobane,iPhone,6.0,12,64,Neuf
399000,Colobane,iPhone,6.0,12,128,Neuf
149000,Colobane,iPhone,6.0,12,64,Neuf
268500,Colobane,iPhone,6.0,12,128,Neuf
219000,Colobane,iPhone,6.0,12,64,Neuf
450000,Pikine,Samsung,6.0,12,512,Neuf
78000,Castor,Samsung,6.0,4,128,Neuf
123000,Castor,Samsung,6.0,6,128,Neuf
725000,Fenêtre mermoz,iPhone,6.0,12,256,Neuf
349000,Médina,iPhone,7.0,7,256,Neuf
725000,Plateau,Samsung,67.0,12,256,Neuf
115000,Parcelles Assainies,Samsung,6.0,8,256,Neuf
420000,Médina,iPhone,6.0,12,128,Neuf
210000,Plateau,Oppo,6.0,6,256,Neuf
425000,Plateau,iPhone,6.0,6,256,Neuf
700000,Médina,iPhone,6.0,12,256,Neuf
790000,Almadies,iPhone,6.0,8,256,Neuf
98000,Plateau,Samsung,6.0,6,128,Neuf
73000,Plateau,Samsung,6.0,4,64,Neuf
125000,Patte d‘oie,Samsung,6.0,6,128,Neuf
59900,Patte d‘oie,Tecno,6.0,4,128,Neuf
245000,Plateau,Xiaomi,6.0,12,512,Neuf
760000,Plateau,Samsung,7.0,12,256,Neuf
49000,Castor,Infinix,6.0,8,64,Neuf
450000,Plateau,iPhone,6.0,12,128,Neuf
66500,Castor,Tecno,6.0,44,128,Neuf
78000,Patte d‘oie,Samsung,6.0,4,128,Neuf
55000,Patte d‘oie,Samsung,6.0,4,64,Neuf
850000,Plateau,Honor,6.0,16,512,Neuf
780000,Plateau,iPhone,6.0,12,512,Neuf
700000,Plateau,iPhone,6.0,12,256,Neuf
220000,Diamaguene,Honor,6.0,8,256,Neuf
220000,Liberte 6 extension,Samsung,6.0,8,256,Neuf
230000,Liberte 6 extension,Samsung,6.0,8,128,Neuf
200000,Liberte 6 extension,Samsung,6.0,8,256,Neuf
339000,Médina,iPhone,7.0,7,256,Neuf
85000,Castor,Samsung,6.0,4,128,Neuf
120000,Patte d‘oie,Xiaomi,6.0,8,256,Neuf
120000,Castor,Tecno,6.0,16,256,Neuf
180000,Colobane,iPhone,6.0,12,64,Neuf
86000,Castor,Tecno,6.0,88,256,Neuf
700000,Almadies,iPhone,6.0,12,128,Neuf
1300000,Virage,Samsung,6.0,12,256,Neuf
650000,Liberte 6 extension,Samsung,6.0,12,256,Neuf
425000,Ouest foire,iPhone,6.0,12,128,Neuf
650000,Plateau,Samsung,6.0,12,256,Neuf
525000,Yoff,iPhone,10.0,12,128,Neuf
425000,Ouest foire,Huawei,6.0,12,128,Neuf
450000,Yoff,OnePlus,10.0,16,512,Neuf
559900,Plateau,Samsung,6.0,12,256,Neuf
150000,Pikine,Honor,6.0,8,256,Neuf
225000,Pikine,Google,6.0,8,128,Neuf
150000,Colobane,Huawei,6.0,8,128,Neuf
220000,Castor,Xiaomi,6.0,12,512,Neuf
240000,Médina,Samsung,6.0,12,128,Neuf
90000,Colobane,Xiaomi,6.0,8,256,Neuf
129500,Médina,iPhone,6.0,4,64,Neuf
220000,Plateau,Samsung,6.0,8,128,Neuf
20000,Ouest foire,iPhone,6.0,12,128,Neuf
480000,Médina,Google,6.0,12,256,Neuf
210000,Médina,Samsung,6.0,12,128,Neuf
170000,Guediawaye,Samsung,6.0,6,1,Neuf
89900,Colobane,Xiaomi,6.0,8,256,Neuf
305000,Fass,Samsung,6.0,12,256,Neuf
750000,Ouest foire,Samsung,6.0,12,256,Neuf
595000,Plateau,Samsung,6.0,12,256,Neuf
715000,Plateau,Samsung,6.0,12,256,Neuf
360000,Médina,iPhone,6.0,12,128,Neuf
1090000,Médina,Samsung,6.0,12,256,Neuf
90000,Médina,Infinix,6.0,16,256,Neuf
90000,Ouest foire,iPhone,6.0,12,128,Neuf
675000,Plateau,Samsung,6.0,12,512,Neuf
900000,Fenêtre mermoz,Google,6.0,12,128,Neuf
240000,Almadies,Autres,6.0,12,128,Neuf
139900,Hann maristes,Huawei,6.0,8,128,Neuf
310000,Fass,Samsung,6.0,12,256,Neuf
630000,Médina,Samsung,6.0,12,512,Neuf
345000,Plateau,Samsung,6.0,8,128,Neuf
550000,Plateau,Xiaomi,6.0,16,1024,Neuf
1000000,Colobane,Samsung,6.0,12,256,Neuf
12000,Ouest foire,Ice-Phone,6.0,12,128,Neuf
1000000,Ouest foire,Samsung,6.0,12,128,Neuf
122000,Plateau,Samsung,6.0,8,256,Neuf
750000,Colobane,iPhone,6.0,12,256,Neuf
630000,Plateau,Samsung,6.0,12,256,Neuf
58000,Parcelles Assainies,Samsung,6.0,8,64,Neuf
650000,Plateau,Samsung,6.0,12,256,Neuf
1150000,Plateau,Samsung,6.0,12,512,Neuf
90000,Colobane,Xiaomi,6.0,12,256,Neuf
69900,Colobane,Motorola,6.0,12,128,Neuf
1100000,Médina,Samsung,6.0,12,256,Neuf
390000,Yoff,Google,10.0,12,128,Neuf
650000,Ouest foire,Samsung,6.0,12,128,Neuf
440000,Médina,iPhone,6.0,12,128,Neuf
580000,Plateau,iPhone,6.0,6,256,Neuf
49900,Colobane,Infinix,6.0,4,64,Neuf
600000,Hlm grand-yoff,iPhone,6.0,12,256,Neuf
600000,Hlm grand-yoff,iPhone,6.0,12,128,Neuf
890000,Hlm grand-yoff,Google,6.0,12,256,Neuf
165000,Médina,Samsung,6.0,12,128,Neuf
825000,Plateau,Autres,8.0,12,256,Neuf
980000,Médina,Samsung,6.0,12,256,Neuf
450000,Médina,iPhone,6.0,12,128,Neuf
485000,Médina,iPhone,6.0,12,128,Neuf
620000,Hann maristes,Samsung,6.0,12,256,Neuf
215000,Plateau,Xiaomi,6.0,8,256,Neuf
390000,Médina,iPhone,6.0,12,128,Neuf
320000,Médina,iPhone,6.0,12,128,Neuf
300000,Médina,iPhone,6.0,12,128,Neuf
795000,Médina,iPhone,6.0,12,256,Neuf
640000,Médina,Samsung,6.0,12,256,Neuf
900000,Médina,Samsung,6.0,12,1000,Neuf
625000,Médina,Samsung,6.0,12,256,Neuf
330000,Médina,Samsung,6.0,12,128,Neuf
480000,Médina,iPhone,6.0,12,128,Neuf
49500,Castor,Samsung,6.0,3,32,Neuf
23000,Castor,Alcatel,6.0,12,128,Neuf
210000,Plateau,Samsung,6.0,8,128,Neuf
600000,Guediawaye,iPhone,6.0,6,128,Neuf
930000,Plateau,Samsung,7.0,12,256,Neuf
1090000,Mermoz,Samsung,7.0,12,256,Neuf
135000,Plateau,Xiaomi,6.0,6,128,Neuf
750000,Médina,Samsung,8.0,12,256,Neuf
590000,Plateau,Samsung,6.0,12,256,Neuf
485000,Plateau,Huawei,6.0,12,256,Neuf
415000,Plateau,Huawei,6.0,12,256,Neuf
170000,Plateau,iPhone,6.0,12,128,Neuf
200000,Plateau,iPhone,6.0,12,128,Neuf
149900,Colobane,Huawei,6.0,8,128,Neuf
40000,Ouakam,Motorola,6.0,12,128,Neuf
69000,Castor,Tecno,6.0,8,128,Neuf
280000,Médina,iPhone,6.0,12,128,Neuf
90000,Plateau,Samsung,6.0,4,128,Neuf
290000,Plateau,Tecno,6.0,12,512,Neuf
75000,Plateau,Samsung,6.0,4,128,Neuf
75000,Médina,Samsung,6.0,4,128,Neuf
225000,Plateau,Autres,6.0,12,256,Neuf
345000,Plateau,iPhone,6.0,12,256,Neuf
395000,Plateau,iPhone,6.0,12,256,Neuf
625000,Plateau,iPhone,6.0,12,256,Neuf
380000,Plateau,Samsung,6.0,12,256,Neuf
480000,Plateau,Samsung,6.0,12,256,Neuf
52500,Plateau,Tecno,6.0,6,64,Neuf
48500,Plateau,Infinix,6.0,8,64,Neuf
65000,Fass,Motorola,6.0,4,64,Neuf
149000,Fass,Huawei,6.0,8,128,Neuf
1250000,Plateau,Samsung,6.0,16,256,Neuf
1350000,Plateau,Samsung,7.0,12,1000,Neuf
930000,Plateau,Samsung,8.0,12,256,Neuf
625000,Plateau,Samsung,6.0,12,256,Neuf
53000,Plateau,Samsung,6.0,4,64,Neuf
725000,Plateau,Samsung,6.0,12,512,Neuf
350000,Plateau,iPhone,6.0,6,128,Neuf
690000,Plateau,Samsung,6.0,12,256,Neuf
185000,Plateau,iPhone,5.0,3,128,Neuf
795000,Plateau,iPhone,6.0,8,256,Neuf
585000,Plateau,iPhone,6.0,8,128,Neuf
325000,Plateau,iPhone,6.0,6,128,Neuf
600000,Médina,Samsung,6.0,12,256,Neuf
575000,Plateau,Samsung,6.0,12,256,Neuf
245000,Plateau,Xiaomi,6.0,8,256,Neuf
180000,Colobane,LG,6.0,8,128,Neuf
490000,Plateau,ZTE,6.0,12,256,Neuf
265000,Plateau,OnePlus,6.0,8,128,Neuf
930000,Plateau,Samsung,7.0,12,256,Neuf
820000,Plateau,iPhone,6.0,8,256,Neuf
590000,Plateau,iPhone,61.0,6,128,Neuf
740000,Plateau,Samsung,7.0,12,256,Neuf
800000,Sicap Liberté,iPhone,6.0,8,256,Neuf
400000,Colobane,Samsung,6.0,8,256,Neuf
1500000,Plateau,Google,7.0,16,256,Neuf
180000,Médina,Samsung,6.0,8,128,Neuf
200000,Guediawaye,Samsung,6.0,8,128,Neuf
500000,Plateau,BlackBerry,6.0,12,64,Neuf
120000,Patte d‘oie,Samsung,6.0,8,256,Neuf
180000,Patte d‘oie,Xiaomi,6.0,8,256,Neuf
870000,Médina,iPad,12.0,12,256,Neuf
47000,Castor,Itel,6.0,3,128,Neuf
500000,Plateau,Huawei,6.0,8,256,Neuf
300000,Plateau,Huawei,6.0,8,256,Neuf
52500,Castor,Tecno,66.0,3,64,Neuf
50000,Parcelles Assainies,Samsung,6.0,2,32,Neuf
135000,Parcelles Assainies,Tecno,6.0,8,256,Neuf
940000,Médina,iPhone,14.0,16,256,Neuf
32000,Patte d‘oie,Huawei,5.0,3,32,Neuf
80000,Patte d‘oie,Xiaomi,6.0,4,128,Neuf
220000,Médina,Samsung,6.0,12,128,Neuf
165000,Médina,Samsung,6.0,12,128,Neuf
1200000,Plateau,Google,7.0,12,256,Neuf
250000,Médina,iPhone,6.0,12,128,Neuf
325000,Plateau,Samsung,6.0,8,128,Neuf
800000,Gueule-Tapée,iPhone,6.0,12,256,Neuf
629998,Plateau,Samsung,6.0,12,128,Neuf
825000,Plateau,Samsung,6.0,12,512,Neuf
195000,Plateau,Xiaomi,6.0,8,128,Neuf
560000,Médina,iPhone,6.0,12,128,Neuf
80000,Gueule-Tapée,Crosscall,6.0,12,128,Neuf
800000,Fass,iPhone,6.0,12,256,Neuf
530000,Médina,Samsung,6.0,12,512,Neuf
535000,Médina,Samsung,6.0,8,256,Neuf
30000,Patte d‘oie,Itel,5.0,1,32,Neuf
785000,Plateau,iPhone,6.0,8,256,Neuf
169000,Plateau,Sony,1.0,30,30,Neuf
59000,Plateau,Sony,6.0,12,128,Neuf
595000,Médina,Samsung,6.0,12,256,Neuf
210000,Plateau,Samsung,6.0,6,128,Neuf
130000,Dieuppeul,iPhone,6.0,12,64,Neuf
56500,Castor,Tecno,6.0,44,128,Neuf
250000,Hann maristes,iPhone,6.0,12,128,Neuf
350000,Hann maristes,iPhone,6.0,12,128,Neuf
160000,Hann maristes,iPhone,6.0,12,64,Neuf
350000,Médina,iPhone,7.0,12,128,Neuf
76000,Castor,Itel,6.0,16,256,Neuf
34000,Castor,Itel,5.0,22,32,Neuf
99900,Patte d‘oie,Xiaomi,6.0,8,256,Neuf
400000,Gueule-Tapée,iPhone,6.0,12,128,Neuf
780000,Médina,iPhone,6.0,12,128,Neuf
210000,Médina,Samsung,6.0,12,128,Neuf
330000,Plateau,Huawei,6.0,8,256,Neuf
830000,Plateau,Huawei,7.0,12,512,Neuf
110000,Patte d‘oie,Xiaomi,6.0,8,256,Neuf
790000,Médina,Samsung,6.0,12,128,Neuf
485000,Médina,iPhone,6.0,12,128,Neuf
175000,Pikine,Xiaomi,6.0,8,256,Neuf
790000,Médina,iPhone,6.0,12,256,Neuf
535000,Médina,iPhone,6.0,12,128,Neuf
450000,Liberte 6 extension,Samsung,6.0,8,256,Neuf
165000,Plateau,Xiaomi,6.0,12,128,Neuf
10000,Castor,iPhone,45.0,12,128,Neuf
33000,Colobane,Tecno,6.0,12,128,Neuf
85000,Parcelles Assainies,Samsung,6.0,4,128,Neuf
33000,Colobane,Sony,6.0,12,128,Neuf
180000,Médina,iPhone,6.0,12,64,Neuf
630000,Plateau,Samsung,6.0,12,256,Neuf
230000,Almadies,Autres,6.0,12,128,Neuf
79900,Colobane,Motorola,6.0,4,64,Neuf
235000,Plateau,Samsung,6.0,8,128,Neuf
175000,Colobane,Huawei,6.0,8,256,Neuf
550000,Hlm,Oppo,6.0,16,256,Neuf
550000,Hlm,Honor,6.0,16,512,Neuf
485000,Hlm,OnePlus,6.0,16,512,Neuf
675000,Hlm,ZTE,6.0,16,512,Neuf
675000,Hlm,Xiaomi,6.0,16,512,Neuf
250000,Hlm,Oppo,6.0,256,128,Neuf
280000,Dieuppeul,iPhone,6.0,12,128,Neuf
245000,Gueule-Tapée,iPhone,6.0,12,64,Neuf
420000,Gueule-Tapée,iPhone,6.0,12,128,Neuf
325000,Plateau,Samsung,6.0,12,256,Neuf
535000,Plateau,Samsung,6.0,12,256,Neuf
300000,Gueule-Tapée,iPhone,6.0,256,128,Neuf
230000,Gueule-Tapée,iPhone,6.0,256,128,Neuf
550000,Gueule-Tapée,Autres,6.0,512,128,Neuf
125000,Colobane,Samsung,6.0,6,128,Neuf
135000,Plateau,Infinix,6.0,8,256,Neuf
58000,Patte d‘oie,Samsung,6.0,4,64,Neuf
120000,Patte d‘oie,Xiaomi,6.0,8,256,Neuf
550000,Sicap Liberté,Samsung,6.0,12,256,Neuf
780000,Plateau,Huawei,7.0,12,512,Neuf
410000,Hlm,Oppo,6.0,12,512,Neuf
10000,Pikine,Google,6.0,6,12,Neuf
84900,Parcelles Assainies,Samsung,6.0,4,128,Neuf
50000,Parcelles Assainies,Huawei,6.0,4,128,Neuf
60000,Fann,Huawei,61.0,4,128,Neuf
80000,Castor,Samsung,6.0,4,128,Neuf
765000,Plateau,Samsung,6.0,12,256,Neuf
565000,Plateau,Samsung,6.0,12,256,Neuf
650000,Médina,Samsung,6.0,12,256,Neuf
54000,Castor,Samsung,6.0,4,64,Neuf
740000,Médina,iPhone,6.0,12,256,Neuf
290000,Hlm,iPhone,6.0,128,128,Neuf
256000,Hlm,iPhone,6.0,256,128,Neuf
100000,Médina,Huawei,6.0,4,128,Neuf
68000,Parcelles Assainies,Samsung,6.0,4,128,Neuf
155000,Parcelles Assainies,Xiaomi,6.0,8,256,Neuf
100000,Médina,Xiaomi,6.0,4,128,Neuf
685000,Plateau,Honor,6.0,12,512,Neuf
375000,Pikine,Samsung,6.0,8,256,Neuf
165000,Plateau,Oppo,6.0,8,256,Neuf
355000,Plateau,Samsung,6.0,8,256,Neuf
500000,Médina,iPhone,7.0,7,128,Neuf
950000,Médina,Honor,6.0,16,512,Neuf
750000,Médina,Huawei,6.0,12,512,Neuf
655000,Hann maristes,iPhone,6.0,6,256,Neuf
100000,Médina,Samsung,6.0,4,128,Neuf
560000,Médina,iPhone,6.0,12,256,Neuf
620000,Médina,iPhone,6.0,12,512,Neuf
790000,Médina,iPhone,6.0,12,512,Neuf
39000,Plateau,Autres,6.0,6,128,Neuf
33000,Colobane,Tecno,6.0,12,64,Neuf
30000,Colobane,Tecno,6.0,12,32,Neuf
45000,Patte d‘oie,Huawei,6.0,4,128,Neuf
365000,Médina,Samsung,6.0,12,256,Neuf
700000,Médina,Samsung,6.0,12,512,Neuf
700000,Fass,iPhone,6.0,12,128,Neuf
580000,Fass,iPhone,6.0,12,128,Neuf
375000,Fass,iPhone,6.0,12,128,Neuf
410000,Fass,iPhone,6.0,12,128,Neuf
375000,Fass,iPhone,6.0,12,128,Neuf
330000,Plateau,Samsung,6.0,12,256,Neuf
330000,Hlm,iPhone,6.0,256,128,Neuf
55000,Hlm,Samsung,6.0,32,128,Neuf
200000,Hlm,Samsung,6.0,8,128,Neuf
670000,Médina,iPhone,9.0,12,512,Neuf
825000,Plateau,Xiaomi,6.0,16,512,Neuf
130000,Médina,iPhone,6.0,12,32,Neuf
165000,Médina,iPhone,6.0,12,32,Neuf
450000,Médina,Samsung,8.0,12,256,Neuf
1175000,Médina,iPhone,6.0,12,1000,Neuf
205000,Plateau,iPhone,6.0,12,128,Neuf
265000,Plateau,iPhone,6.0,12,256,Neuf
345000,Plateau,iPhone,6.0,12,128,Neuf
250000,Colobane,Samsung,6.0,8,128,Neuf
150000,Colobane,Huawei,6.0,12,128,Neuf
670000,Médina,iPhone,6.0,12,128,Neuf
350000,Médina,Samsung,8.0,12,256,Neuf
1,Médina,iPhone,6.0,12,128,Neuf
580000,Médina,Google,6.0,8,128,Neuf
660000,Médina,iPhone,6.0,12,128,Neuf
735000,Médina,iPhone,6.0,12,256,Neuf
110000,Parcelles Assainies,Xiaomi,6.0,8,256,Neuf
230000,Colobane,Xiaomi,6.0,8,256,Neuf
84900,Patte d‘oie,Samsung,6.0,4,128,Neuf
580000,Médina,iPhone,6.0,12,128,Neuf
620000,Médina,iPhone,6.0,12,128,Neuf
730000,Médina,iPhone,6.0,12,256,Neuf
200000,Colobane,Honor,6.0,8,256,Neuf
110000,Parcelles Assainies,Xiaomi,6.0,8,256,Neuf
49900,Parcelles Assainies,Tecno,6.0,3,64,Neuf
100000,Parcelles Assainies,Xiaomi,6.0,8,256,Neuf
749000,Fenêtre mermoz,Samsung,6.0,12,256,Neuf
250000,Colobane,Autres,6.0,8,256,Neuf
200000,Colobane,Autres,6.0,8,256,Neuf
49000,Castor,Tecno,6.0,33,64,Neuf
580000,Plateau,Samsung,7.0,12,256,Neuf
290000,Plateau,Google,6.0,8,128,Neuf
485000,Plateau,Autres,6.0,16,512,Neuf
800000,Médina,iPhone,6.0,12,1000,Neuf
600000,Médina,iPhone,6.0,12,256,Neuf
375000,Fenêtre mermoz,iPhone,6.0,12,128,Neuf
770000,Médina,iPhone,6.0,12,256,Neuf
630000,Plateau,Samsung,6.0,12,256,Neuf
680000,Médina,Samsung,6.0,12,256,Neuf
620000,Plateau,Samsung,6.0,12,256,Neuf
375000,Plateau,Samsung,6.0,6,128,Neuf
575000,Fenêtre mermoz,iPhone,6.0,12,128,Neuf
90000,Médina,Samsung,6.0,6,128,Neuf
149900,Fass,Huawei,6.0,8,128,Neuf
350000,Hlm grand-yoff,Google,6.0,8,128,Neuf
615000,Plateau,iPhone,6.0,6,128,Neuf
455000,Plateau,Samsung,6.0,8,256,Neuf
500000,Saly,iPhone,6.0,12,128,Neuf
560000,Saly,iPhone,6.0,12,128,Neuf
375000,Plateau,Xiaomi,6.0,12,128,Neuf
310000,Colobane,Samsung,6.0,12,256,Neuf
430000,Colobane,Samsung,6.0,12,256,Neuf
180000,Médina,iPhone,6.0,12,128,Neuf
310000,Fass,Samsung,6.0,12,256,Neuf
429900,Fass,Samsung,6.0,12,256,Neuf
185000,Médina,Samsung,6.0,8,128,Neuf
350000,Médina,iPhone,6.0,12,128,Neuf
130000,Parcelles Assainies,Xiaomi,6.0,8,256,Neuf
520000,Médina,iPhone,6.0,12,128,Neuf
500000,Castor,iPhone,6.0,12,128,Venant
140000,Castor,iPhone,6.0,4,64,Venant
115000,Castor,iPhone,6.0,3,64,Venant
160000,Médina,iPhone,6.0,12,128,Venant
210000,Colobane,iPhone,6.0,12,256,Venant
124900,Colobane,iPhone,6.0,12,128,Venant
85000,Colobane,Samsung,6.0,6,64,Venant
190000,Colobane,Samsung,6.0,8,128,Venant
160000,Médina,Samsung,6.0,8,128,Venant
320000,Keur ndiaye lô,iPhone,6.0,12,128,Venant
370000,Keur ndiaye lô,iPhone,6.0,12,128,Venant
340000,Keur ndiaye lô,iPhone,6.0,12,128,Venant
280000,Keur ndiaye lô,iPhone,6.0,12,128,Venant
480000,Pikine,Google,6.0,12,512,Venant
480000,Guediawaye,Samsung,6.0,12,512,Venant
550000,Guediawaye,Samsung,6.0,12,1000,Venant
340000,Plateau,Samsung,6.0,8,128,Venant
115000,Ouest foire,iPhone,8.0,3,64,Venant
100000,Colobane,Samsung,6.0,6,128,Venant
99900,Fass,Sharp,6.0,12,128,Venant
99900,Fass,Samsung,6.0,6,256,Venant
49900,Fass,Huawei,6.0,3,64,Venant
59900,Fass,Huawei,6.0,6,128,Venant
115000,Médina,iPhone,6.0,12,64,Venant
175000,Médina,Samsung,6.0,12,128,Venant
150000,Médina,iPhone,6.0,12,64,Venant
345000,Médina,iPhone,6.0,12,256,Venant
120000,Colobane,LG,6.0,8,128,Venant
225000,Médina,iPhone,6.0,12,64,Venant
195000,Médina,iPhone,6.0,12,64,Venant
190000,Colobane,Google,6.0,8,128,Venant
550000,Plateau,Samsung,7.0,12,256,Venant
440000,Almadies,Samsung,6.0,12,256,Venant
89900,Colobane,Samsung,6.0,6,128,Venant
155000,Plateau,Samsung,6.0,12,128,Venant
950000,Médina,iPhone,6.0,12,1000,Venant
650000,Médina,Samsung,6.0,12,512,Venant
330000,Plateau,iPhone,6.0,6,128,Venant
85000,Fass,Oppo,6.0,12,256,Venant
330000,Liberte 6 extension,Samsung,6.0,8,256,Venant
70000,Sicap foire,Xiaomi,6.0,6,128,Venant
55000,Sicap foire,Samsung,6.0,4,128,Venant
40000,Sicap foire,Xiaomi,6.0,8,128,Venant
115000,Colobane,Samsung,6.0,6,128,Venant
90000,Sicap foire,Samsung,6.0,8,256,Venant
60000,Sicap foire,Xiaomi,6.0,12,256,Venant
65000,Sicap foire,Samsung,6.0,4,128,Venant
270000,Sicap foire,Xiaomi,6.0,12,512,Venant
80000,Sicap foire,Samsung,6.0,8,128,Venant
65000,Sicap foire,Samsung,6.0,4,128,Venant
30000,Sicap foire,Samsung,6.0,2,32,Venant
205000,Fass,iPhone,6.0,12,128,Venant
45000,Sicap foire,Honor,6.0,4,64,Venant
330000,Sicap foire,Samsung,6.0,8,512,Venant
60000,Sicap foire,Samsung,6.0,4,128,Venant
130000,Pikine,Samsung,6.0,6,128,Venant
70000,Sicap foire,Samsung,6.0,4,128,Venant
75000,Sicap foire,Samsung,6.0,6,128,Venant
94900,Colobane,iPhone,6.0,12,64,Venant
260000,Colobane,iPhone,6.0,12,256,Venant
429900,Fass,iPhone,6.0,12,256,Venant
34900,Colobane,Samsung,6.0,12,16,Venant
390000,Fass,iPhone,6.0,12,128,Venant
215000,Colobane,iPhone,6.0,12,128,Venant
320000,Yoff,Samsung,10.0,12,256,Venant
620000,Yoff,Samsung,10.0,12,256,Venant
150000,Sicap Liberté,iPhone,6.0,4,64,Venant
275000,Sicap Liberté,iPhone,6.0,4,128,Venant
120000,Sicap Liberté,iPhone,5.0,3,64,Venant
29900,Colobane,Autres,6.0,4,64,Venant
79900,Colobane,iPhone,6.0,3,128,Venant
100000,Colobane,Sharp,6.0,12,128,Venant
164900,Colobane,Samsung,6.0,12,256,Venant
330000,Sicap Liberté,iPad,12.0,5,512,Venant
90000,Colobane,Samsung,6.0,6,64,Venant
170000,Plateau,Google,6.0,8,128,Venant
165000,Plateau,iPhone,6.0,4,64,Venant
750000,Yoff,Google,10.0,12,256,Venant
619993,Point-e,iPhone,6.0,12,128,Venant
165000,Fass,iPhone,6.0,12,128,Venant
79900,Fass,iPhone,6.0,12,128,Venant
134900,Fass,iPhone,6.0,12,128,Venant
164900,Fass,Samsung,6.0,12,256,Venant
250000,Fass,iPhone,6.0,12,256,Venant
150000,Yoff,iPhone,5.0,6,64,Venant
130000,Colobane,Samsung,6.0,12,128,Venant
140000,Médina,iPhone,6.0,4,64,Venant
160000,Colobane,Samsung,6.0,12,256,Venant
370000,Yoff,iPhone,10.0,8,128,Venant
410000,Yoff,iPhone,10.0,8,256,Venant
170000,Plateau,Samsung,6.0,8,256,Venant
75000,Colobane,Xiaomi,6.0,6,128,Venant
185000,Colobane,Google,6.0,12,128,Venant
90000,Colobane,Samsung,6.0,12,64,Venant
380000,Yoff,Samsung,10.0,12,256,Venant
225000,Pikine,Oppo,6.0,12,256,Venant
265000,Médina,iPhone,6.0,12,128,Venant
560000,Médina,iPhone,6.0,12,128,Venant
190000,Parcelles Assainies,iPhone,6.0,8,256,Venant
350000,Plateau,iPhone,6.0,6,256,Venant
315000,Hann maristes,iPhone,6.0,6,256,Venant
210000,Hann maristes,iPhone,5.0,4,512,Venant
165000,Hann maristes,LG,6.0,8,128,Venant
485000,Hann maristes,iPhone,6.0,6,128,Venant
570000,Yoff,iPhone,1.0,12,128,Venant
190000,Sicap foire,Xiaomi,6.0,12,512,Venant
69900,Colobane,Samsung,6.0,12,128,Venant
599000,Médina,iPhone,6.0,12,512,Venant
129900,Fass,Samsung,6.0,6,512,Venant
135000,Fass,Samsung,6.0,8,128,Venant
310000,Fass,iPhone,6.0,12,128,Venant
210000,Plateau,Samsung,6.0,8,256,Venant
45000,Colobane,Samsung,6.0,3,32,Venant
99900,Colobane,Samsung,6.0,6,256,Venant
300000,Plateau,iPhone,1.0,8,128,Venant
365000,Plateau,Samsung,6.0,8,256,Venant
340000,Yoff,Huawei,10.0,12,256,Venant
39900,Colobane,LG,6.0,4,64,Venant
100000,Colobane,Samsung,6.0,6,128,Venant
140000,Colobane,Google,6.0,8,128,Venant
185000,Colobane,Google,6.0,8,128,Venant
700000,Point-e,iPhone,6.0,12,256,Venant
69900,Fass,Huawei,6.0,6,128,Venant
89900,Fass,Samsung,6.0,12,128,Venant
145000,Hlm,iPhone,6.0,8,64,Venant
180000,Hlm,iPhone,6.0,8,64,Venant
535000,Médina,iPhone,6.0,12,128,Venant
179900,Colobane,Samsung,6.0,12,256,Venant
130000,Colobane,Google,6.0,8,128,Venant
99900,Colobane,Samsung,6.0,6,256,Venant
50000,Colobane,Nokia,6.0,4,64,Venant
35000,Colobane,Autres,6.0,6,128,Venant
450000,Yoff,iPhone,10.0,12,128,Venant
230000,Plateau,iPhone,6.0,4,128,Venant
570000,Point-e,iPhone,6.0,12,256,Venant
530000,Point-e,iPhone,6.0,12,128,Venant
175000,Fass,LG,6.0,8,128,Venant
380000,Yoff,Samsung,10.0,12,256,Venant
75000,Sicap foire,Xiaomi,6.0,6,256,Venant
170000,Fass,Samsung,6.0,8,128,Venant
60000,Sicap foire,Sharp,6.0,8,128,Venant
100000,Sicap foire,Honor,6.0,8,256,Venant
320000,Yoff,Huawei,10.0,12,256,Venant
430000,Yoff,iPhone,4.0,8,128,Venant
150000,Médina,iPhone,6.0,12,64,Venant
380000,Médina,iPhone,6.0,12,128,Venant
69900,Colobane,Sharp,6.0,8,128,Venant
80000,Colobane,Samsung,6.0,4,128,Venant
700000,Yoff,iPhone,10.0,12,256,Venant
230000,Pikine,OnePlus,6.0,16,256,Venant
470000,Pikine,Samsung,6.0,12,512,Venant
190000,Fass,LG,6.0,8,256,Venant
410000,Point-e,iPhone,6.0,12,128,Venant
650000,Point-e,iPhone,6.0,12,128,Venant
450000,Point-e,iPhone,6.0,12,256,Venant
230000,Point-e,iPhone,6.0,12,128,Venant
155005,Point-e,iPhone,6.0,12,64,Venant
490000,Médina,iPhone,6.0,12,128,Venant
80000,Sicap foire,OnePlus,6.0,8,128,Venant
50000,Sicap foire,Motorola,6.0,8,128,Venant
80000,Sicap foire,Samsung,6.0,6,128,Venant
80000,Colobane,Samsung,6.0,4,128,Venant
320000,Yoff,iPhone,1.0,8,128,Venant
580000,Fass,iPhone,6.0,12,128,Venant
265000,Fass,Samsung,6.0,12,256,Venant
174996,Point-e,iPhone,6.0,12,128,Venant
175000,Colobane,iPhone,6.0,12,128,Venant
65000,Colobane,Samsung,6.0,12,128,Venant
180000,Plateau,iPhone,65.0,4,256,Venant
45000,Sicap foire,Samsung,6.0,4,128,Venant
25000,Sicap foire,Xiaomi,6.0,2,32,Venant
25000,Sicap foire,Xiaomi,6.0,3,32,Venant
980000,Yoff,Samsung,10.0,12,256,Venant
550000,Médina,iPhone,6.0,12,128,Venant
110000,Ouest foire,iPhone,6.0,8,64,Venant
162500,Parcelles Assainies,iPhone,6.0,8,128,Venant
150000,Colobane,Google,6.0,6,128,Venant
90000,Colobane,Samsung,6.0,6,128,Venant
210000,Médina,Samsung,6.0,8,128,Venant
65000,Colobane,Huawei,6.0,6,128,Venant
400000,Point-e,iPhone,6.0,12,128,Venant
290000,Point-e,iPhone,6.0,12,128,Venant
34900,Colobane,Samsung,6.0,12,128,Venant
370000,Point-e,iPhone,6.0,12,128,Venant
340000,Ouest foire,Samsung,6.0,12,256,Venant
69900,Colobane,Samsung,6.0,12,64,Venant
179900,Colobane,LG,6.0,12,128,Venant
550000,Plateau,iPhone,6.0,6,256,Venant
360000,Plateau,iPhone,6.0,6,256,Venant
270000,Plateau,iPhone,6.0,6,128,Venant
350000,Plateau,Samsung,6.0,8,256,Venant
325000,Plateau,iPhone,6.0,6,128,Venant
365000,Plateau,iPhone,6.0,6,128,Venant
320000,Médina,iPhone,6.0,12,128,Venant
330000,Point-e,iPhone,6.0,12,256,Venant
300000,Point-e,iPhone,6.0,12,64,Venant
480000,Point-e,iPhone,6.0,12,128,Venant
360000,Point-e,iPhone,6.0,12,128,Venant
129900,Colobane,Samsung,6.0,8,128,Venant
220000,Plateau,iPhone,6.0,4,64,Venant
89900,Colobane,Samsung,6.0,12,128,Venant
270000,Liberte 6 extension,Samsung,6.0,8,128,Venant
215000,Hann maristes,Samsung,6.0,8,256,Venant
160000,Hann maristes,Samsung,6.0,8,256,Venant
155000,Hann maristes,Xiaomi,6.0,8,256,Venant
159000,Hann maristes,Samsung,6.0,8,128,Venant
165000,Hann maristes,Samsung,6.0,8,128,Venant
450000,Plateau,Huawei,6.0,12,256,Venant
350000,Plateau,Oppo,6.0,12,256,Venant
350000,Plateau,Google,6.0,12,128,Venant
390000,Médina,iPhone,6.0,12,128,Venant
250000,Colobane,Samsung,6.0,12,128,Venant
65000,Parcelles Assainies,Sony,6.0,4,64,Venant
149900,Colobane,Samsung,6.0,8,128,Venant
34900,Fass,Samsung,6.0,12,16,Venant
95000,Fass,Autres,6.0,12,256,Venant
44900,Colobane,LG,6.0,12,64,Venant
69900,Colobane,Huawei,6.0,6,128,Venant
270000,Guediawaye,iPhone,6.0,12,128,Venant
585000,Parcelles Assainies,iPhone,6.0,8,128,Venant
430000,Médina,iPhone,6.0,12,128,Venant
60000,Colobane,Huawei,6.0,4,128,Venant
170000,Colobane,Samsung,6.0,8,128,Venant
165000,Colobane,LG,6.0,8,128,Venant
50000,Colobane,Huawei,6.0,6,128,Venant
120000,Colobane,Samsung,6.0,6,128,Venant
175000,Parcelles Assainies,Samsung,6.0,12,128,Venant
230000,Colobane,Samsung,6.0,12,128,Venant
170000,Colobane,Samsung,6.0,12,256,Venant
320000,Colobane,Samsung,6.0,8,128,Venant
110000,Colobane,Sony,6.0,12,128,Venant
140000,Colobane,Google,6.0,8,128,Venant
159900,Fass,Samsung,6.0,12,256,Venant
425000,Pikine,Samsung,6.0,12,256,Venant
675000,Plateau,Xiaomi,6.0,166,512,Venant
69900,Colobane,Huawei,6.0,6,128,Venant
280000,Médina,iPhone,6.0,12,128,Venant
480000,Médina,iPhone,6.0,12,128,Venant
465000,Médina,iPhone,6.0,12,512,Venant
690000,Pikine,Honor,6.0,16,512,Venant
225000,Plateau,Viwa,6.0,88,256,Venant
115000,Parcelles Assainies,Samsung,6.0,8,128,Venant
299900,Colobane,Samsung,6.0,12,256,Venant
84900,Colobane,iPhone,6.0,12,128,Venant
200000,Pikine,Samsung,6.0,8,256,Venant
170000,Pikine,Xiaomi,6.0,8,256,Venant
550000,Médina,iPhone,6.0,12,128,Venant
210000,Plateau,Samsung,6.0,8,256,Venant
360000,Pikine,Samsung,6.0,12,256,Venant
180000,Pikine,OnePlus,6.0,128,256,Venant
175000,Fass,Samsung,6.0,8,128,Venant
59900,Fass,Huawei,6.0,6,128,Venant
199900,Colobane,Google,6.0,6,128,Venant
129900,Fass,Google,6.0,12,128,Venant
165000,Colobane,Google,6.0,6,128,Venant
185000,Colobane,Samsung,6.0,8,128,Venant
159900,Fass,Google,6.0,12,128,Venant
219900,Fass,Google,6.0,12,128,Venant
289900,Fass,Google,6.0,12,256,Venant
350000,Médina,iPhone,6.0,12,128,Venant
180000,Médina,iPhone,6.0,12,64,Venant
165000,Pikine,Samsung,6.0,8,128,Venant
335000,Colobane,Samsung,6.0,12,256,Venant
200000,Parcelles Assainies,Google,6.0,8,128,Venant
370,Médina,iPhone,6.0,12,128,Venant
115000,Nord foire,iPhone,6.0,8,64,Venant
190000,Médina,Samsung,6.0,8,128,Venant
350000,Pikine,Huawei,6.0,8,256,Venant
95000,Colobane,Sharp,6.0,12,128,Venant
720000,Yoff,iPhone,6.0,12,256,Venant
285000,Plateau,Samsung,6.0,8,128,Venant
74900,Fass,Samsung,6.0,6,128,Venant
115000,Colobane,Samsung,6.0,12,128,Venant
145000,Nord foire,iPhone,6.0,8,64,Venant
580000,Nord foire,iPhone,6.0,12,256,Venant
140000,Pikine,Samsung,6.0,8,256,Venant
165000,Médina,iPhone,6.0,12,128,Venant
330000,Médina,Google,6.0,12,128,Venant
350000,Colobane,Samsung,6.0,12,256,Venant
250,Colobane,Samsung,6.0,12,256,Venant
80000,Médina,Oppo,6.0,8,256,Venant
65000,Colobane,Samsung,6.0,12,128,Venant
400000,Ouest foire,iPhone,6.0,12,256,Venant
310000,Colobane,iPhone,6.0,12,512,Venant
64900,Colobane,Nokia,6.0,4,64,Venant
115000,Colobane,Samsung,6.0,12,128,Venant
130000,Nord foire,iPhone,6.0,8,128,Venant
700000,Liberte 5,Huawei,6.0,12,512,Venant
59900,Fass,Huawei,6.0,6,128,Venant
260000,Parcelles Assainies,iPhone,6.0,4,128,Venant
930000,Médina,Google,6.0,12,256,Venant
185000,Colobane,Samsung,6.0,8,256,Venant
210,Médina,iPhone,6.0,12,128,Venant
70000,Colobane,Samsung,6.0,4,128,Venant
470000,Biscuiterie,Autres,6.0,16,512,Venant
164900,Fass,Samsung,6.0,8,256,Venant
250000,Fass,Samsung,6.0,8,128,Venant
130000,Médina,iPhone,6.0,12,64,Venant
265000,Médina,iPhone,6.0,12,256,Venant
195000,Médina,iPhone,6.0,12,256,Venant
120000,Médina,iPhone,6.0,12,128,Venant
365000,Pikine,Samsung,6.0,12,512,Venant
300000,Pikine,Samsung,6.0,8,128,Venant
175000,Plateau,iPhone,6.0,4,128,Venant
64900,Fass,Huawei,6.0,6,128,Venant
420000,Point-e,iPhone,6.0,12,5120,Venant
34900,Colobane,iPhone,6.0,12,16,Venant
89900,Fass,Samsung,6.0,6,64,Venant
69900,Fass,Samsung,5.0,4,64,Venant
50000,Fass,Huawei,6.0,6,64,Venant
300000,Liberte 6 extension,Oppo,6.0,8,256,Venant
245000,Colobane,Samsung,6.0,8,128,Venant
235000,Plateau,Samsung,6.0,8,128,Venant
69900,Colobane,Samsung,6.0,12,128,Venant
330000,Plateau,Samsung,7.0,12,256,Venant
50000,Guediawaye,Samsung,10.0,3,32,Venant
165000,Médina,Samsung,6.0,12,256,Venant
640000,Médina,iPhone,6.0,12,256,Venant
115000,Plateau,iPhone,6.0,4,64,Venant
350000,Plateau,Samsung,6.0,12,256,Venant
200000,Hann maristes,Xiaomi,6.0,8,256,Venant
600000,Médina,Samsung,7.0,12,512,Venant
145000,Guediawaye,iPhone,6.0,3,256,Venant
160000,Médina,iPhone,6.0,12,128,Venant
290000,Pikine,Honor,6.0,127,512,Venant
150000,Colobane,Samsung,6.0,8,128,Venant
600000,Médina,iPhone,6.0,12,256,Venant
560000,Médina,iPhone,6.0,12,128,Venant
1,Colobane,iPhone,75.0,12,128,Venant
1,Colobane,Google,6.0,12,128,Venant
15,Colobane,Sony,15.0,6,128,Venant
100000,Plateau,iPhone,5.0,3,64,Venant
1,Colobane,iPhone,0.0,12,128,Venant
1,Colobane,Samsung,0.0,8,128,Venant
1,Colobane,Samsung,0.0,6,128,Venant
590000,Parcelles Assainies,iPhone,6.0,8,128,Venant
165000,Médina,Samsung,6.0,8,128,Venant
550000,Plateau,Huawei,7.0,8,512,Venant
200000,Plateau,iPhone,6.0,4,256,Venant
150000,Plateau,iPhone,6.0,3,64,Venant
160000,Pikine,Motorola,6.0,12,256,Venant
130000,Plateau,iPhone,6.0,3,64,Venant
450000,Plateau,iPhone,6.0,4,256,Venant
195000,Colobane,iPhone,6.0,12,256,Venant
200000,Guediawaye,iPhone,6.0,4,256,Venant
145000,Pikine,Google,6.0,6,128,Venant
80,Almadies 2,Honor,6.0,12,128,Venant
215000,Médina,iPhone,6.0,12,256,Venant
170000,Médina,iPhone,6.0,12,128,Venant
200000,Parcelles Assainies,iPhone,6.0,12,128,Venant
155000,Dieuppeul,iPhone,6.0,3,128,Venant
699900,Plateau,Huawei,7.0,12,512,Venant
435000,Plateau,Xiaomi,6.0,12,512,Venant
739900,Plateau,Xiaomi,6.0,16,512,Venant
99900,Colobane,Huawei,6.0,8,128,Venant
620000,Liberte 6 extension,Samsung,6.0,12,512,Venant
275000,Plateau,iPhone,5.0,6,256,Venant
470000,Colobane,iPhone,6.0,12,128,Venant
180000,Colobane,iPhone,6.0,12,64,Venant
240000,Pikine,Honor,6.0,8,256,Venant
330000,Médina,Samsung,6.0,12,512,Venant
179900,Colobane,LG,6.0,12,128,Venant
565000,Médina,iPhone,6.0,12,256,Venant
450000,Sicap Liberté,iPhone,6.0,6,1000,Venant
150000,Sicap Liberté,iPhone,6.0,4,128,Venant
200000,Hlm,Oppo,6.0,12,256,Venant
50000,Ouest foire,Samsung,6.0,12,32,Venant
750000,Ouest foire,iPhone,6.0,12,256,Venant
215000,Pikine,OnePlus,6.0,12,256,Venant
425000,Ouest foire,Samsung,6.0,12,256,Venant
55000,Médina,Huawei,6.0,4,128,Venant
90000,Colobane,Samsung,6.0,4,128,Venant
174900,Fass,LG,6.0,8,128,Venant
89900,Fass,Samsung,6.0,6,128,Venant
270000,Ouest foire,iPhone,6.0,12,128,Venant
1000000,Ouest foire,iPhone,6.0,12,128,Venant
420000,Yoff,Samsung,10.0,12,256,Venant
260000,Colobane,Samsung,6.0,8,128,Venant
180000,Yoff,Samsung,7.0,8,256,Venant
280000,Yoff,Samsung,7.0,8,256,Venant
390000,Yoff,iPhone,6.0,8,256,Venant
130000,Colobane,Google,6.0,6,128,Venant
220000,Yoff,Google,6.0,8,128,Venant
190000,Yoff,iPhone,6.0,8,256,Venant
45000,Almadies,iPhone,5.0,12,32,Venant
380000,Médina,iPhone,6.0,12,128,Venant
130000,Colobane,Samsung,6.0,8,512,Venant
410000,Colobane,Samsung,6.0,12,256,Venant
700000,Yoff,iPhone,10.0,12,512,Venant
275000,Médina,iPhone,6.0,12,128,Venant
685000,Médina,Samsung,6.0,12,256,Venant
289000,Médina,iPhone,6.0,12,128,Venant
190000,Fass,Samsung,6.0,12,512,Venant
110000,Fass,iPhone,6.0,12,64,Venant
154900,Fass,Samsung,6.0,8,256,Venant
129900,Fass,Samsung,6.0,8,512,Venant
270000,Ouest foire,iPhone,6.0,12,128,Venant
350000,Yoff,Samsung,7.0,12,256,Venant
580000,Médina,iPhone,6.0,12,128,Venant
660000,Médina,iPhone,6.0,12,256,Venant
200000,Médina,iPhone,6.0,4,256,Venant
260000,Médina,iPhone,6.0,6,128,Venant
410000,Colobane,Samsung,6.0,12,256,Venant
700000,Pikine,Samsung,6.0,12,256,Venant
180000,Colobane,LG,6.0,12,128,Venant
70000,Colobane,Samsung,6.0,12,128,Venant
125000,Yoff,iPhone,1.0,6,128,Venant
59900,Colobane,Sony,6.0,12,64,Venant
89900,Colobane,Samsung,6.0,6,128,Venant
80000,Colobane,Sony,6.0,12,64,Venant
235000,Guediawaye,Samsung,6.0,8,256,Venant
140000,Guediawaye,iPhone,6.0,12,256,Venant
880000,Médina,Google,6.0,12,256,Venant
230000,Colobane,Samsung,6.0,8,256,Venant
70000,Colobane,Oppo,6.0,8,256,Venant
340000,Yoff,Honor,10.0,16,512,Venant
130000,Pikine,OnePlus,6.0,8,128,Venant
790000,Médina,Google,6.0,12,256,Venant
360000,Médina,iPhone,6.0,12,128,Venant
260000,Médina,Google,6.0,12,12,Venant
120000,Colobane,Huawei,6.0,8,256,Venant
265000,Médina,iPhone,6.0,12,128,Venant
135000,Ouest foire,iPhone,6.0,12,128,Venant
175000,Yoff,Samsung,6.0,12,128,Venant
675000,Yoff,Samsung,10.0,12,512,Venant
225000,Guediawaye,iPhone,6.0,12,128,Venant
240000,Guediawaye,iPhone,6.0,12,256,Venant
250000,Guediawaye,iPhone,6.0,12,512,Venant
440000,Médina,iPhone,6.0,12,128,Venant
195000,Plateau,Samsung,6.0,8,128,Venant
330000,Liberte 6 extension,Xiaomi,6.0,12,256,Venant
475000,Hann maristes,iPhone,6.0,6,256,Venant
490000,Hann maristes,iPhone,6.0,6,128,Venant
410000,Hann maristes,Samsung,6.0,8,256,Venant
150000,Yoff,iPhone,1.0,6,64,Venant
540000,Médina,iPhone,6.0,12,128,Venant
69900,Colobane,Samsung,5.0,4,64,Venant
175000,Fass,Samsung,6.0,12,128,Venant
330000,Médina,iPhone,6.0,12,128,Venant
425000,Pikine,Samsung,6.0,8,256,Venant
250000,Pikine,Samsung,6.0,8,256,Venant
470000,Médina,iPhone,6.0,12,128,Venant
329900,Hann maristes,iPhone,6.0,6,128,Venant
379900,Hann maristes,iPhone,6.0,6,128,Venant
330000,Médina,Google,6.0,12,128,Venant
245000,Médina,Samsung,6.0,12,128,Venant
70000,Colobane,Huawei,6.0,8,128,Venant
530000,Médina,iPhone,6.0,12,128,Venant
75000,Plateau,iPhone,5.0,3,123,Venant
199998,Médina,iPhone,6.0,4,64,Venant
105000,Parcelles Assainies,iPhone,6.0,12,64,Venant
310000,Médina,iPhone,6.0,6,128,Venant
225000,Médina,iPhone,6.0,12,64,Venant
315000,Médina,Samsung,6.0,12,128,Venant
160000,Médina,Samsung,6.0,12,128,Venant
160000,Plateau,iPhone,6.0,4,64,Venant
115000,Médina,iPhone,6.0,12,64,Venant
270000,Médina,iPhone,6.0,12,128,Venant
125000,Fass,LG,6.0,8,128,Venant
550000,Médina,Honor,6.0,12,512,Venant
419000,Hann maristes,Samsung,7.0,12,512,Venant
299000,Hann maristes,Samsung,7.0,12,256,Venant
275000,Plateau,Google,6.0,12,128,Venant
205000,Hann maristes,iPhone,5.0,4,256,Venant
210000,Médina,Samsung,6.0,12,128,Venant
350000,Plateau,Samsung,6.0,8,128,Venant
185000,Colobane,Samsung,6.0,12,256,Venant
120000,Médina,Sony,6.0,8,128,Venant
74900,Fass,Sony,6.0,4,64,Venant
30000,Colobane,Autres,6.0,12,32,Venant
245000,Hann maristes,iPhone,6.0,4,256,Venant
470000,Nord foire,iPhone,6.0,8,128,Venant
280000,Plateau,iPhone,6.0,4,128,Venant
325000,Plateau,iPhone,6.0,12,128,Venant
290000,Castor,iPhone,6.0,12,128,Venant
530000,Médina,iPhone,6.0,12,128,Venant
350000,Castor,iPhone,6.0,12,128,Venant
430000,Plateau,Samsung,6.0,8,256,Venant
420000,Plateau,iPhone,6.0,4,128,Venant
165000,Médina,Samsung,6.0,8,256,Venant
59900,Fass,Samsung,6.0,4,64,Venant
70000,Colobane,Samsung,6.0,12,128,Venant
64900,Colobane,Huawei,6.0,6,128,Venant
630000,Médina,iPhone,6.0,12,512,Venant
420000,Médina,Samsung,6.0,12,256,Venant
90000,Médina,Samsung,6.0,12,128,Venant
59900,Colobane,Huawei,6.0,6,128,Venant
110000,Colobane,iPhone,6.0,12,64,Venant
70000,Colobane,Huawei,6.0,6,128,Venant
189900,Colobane,iPhone,6.0,12,64,Venant
250000,Hann maristes,iPhone,6.0,12,128,Venant
500000,Sicap Liberté,Samsung,6.0,12,512,Venant
85000,Colobane,Samsung,6.0,4,128,Venant
105000,Colobane,Samsung,6.0,12,256,Venant
550000,Médina,Honor,6.0,12,512,Venant
500000,Castor,iPhone,6.0,12,128,Venant
220000,Parcelles Assainies,Samsung,5.0,8,128,Venant
150000,Médina,iPhone,6.0,12,64,Venant
70000,Dieuppeul,iPhone,69.0,2,64,Venant
105000,Colobane,Samsung,6.0,6,128,Venant
300000,Médina,Samsung,6.0,8,256,Venant
450000,Médina,iPhone,6.0,12,256,Venant
580000,Médina,iPhone,6.0,6,128,Venant
119900,Colobane,Samsung,6.0,12,128,Venant
225000,Guediawaye,Samsung,6.0,8,256,Venant
69900,Fass,Samsung,6.0,12,128,Venant
110000,Médina,iPhone,6.0,12,64,Venant
635000,Médina,Samsung,6.0,12,256,Venant
58000,Médina,iPhone,6.0,12,128,Venant
75000,Sicap foire,Xiaomi,6.0,8,256,Venant
160000,Yoff,iPhone,1.0,6,64,Venant
55000,Sicap foire,OnePlus,6.0,8,128,Venant
60000,Sicap foire,Samsung,6.0,8,128,Venant
129000,Médina,iPhone,6.0,12,64,Venant
349000,Médina,iPhone,6.0,12,128,Venant
259000,Médina,iPhone,6.0,12,128,Venant
249000,Médina,iPhone,6.0,12,256,Venant
30000,Sicap foire,Xiaomi,6.0,2,32,Venant
149900,Colobane,Huawei,6.0,8,128,Venant
240000,Médina,iPhone,6.0,12,128,Venant
250000,Plateau,iPhone,6.0,6,256,Venant
370000,Colobane,Samsung,6.0,8,256,Venant
250000,Yoff,iPhone,10.0,6,256,Venant
90000,Colobane,Samsung,6.0,12,128,Venant
70000,Colobane,Samsung,6.0,12,128,Venant
620000,Médina,Samsung,7.0,12,256,Venant
89900,Fass,Samsung,6.0,6,128,Venant
19900,Colobane,Alcatel,6.0,12,8,Venant
290000,Yoff,Samsung,1.0,10,256,Venant
480000,Yoff,iPhone,10.0,8,128,Venant
370000,Médina,iPhone,6.0,12,128,Venant
550000,Médina,iPhone,6.0,12,128,Venant
580000,Médina,iPhone,6.0,12,256,Venant
290000,Colobane,Samsung,6.0,12,256,Venant
550000,Sicap Liberté,Samsung,6.0,12,256,Venant
260000,Médina,iPhone,6.0,12,128,Venant
650000,Yoff,iPhone,10.0,12,1000,Venant
650000,Pikine,Samsung,6.0,12,256,Venant
170000,Pikine,Google,6.0,8,128,Venant
360000,Pikine,Xiaomi,6.0,12,256,Venant
295000,Médina,iPhone,6.0,12,128,Venant
460000,Liberte 6 extension,iPhone,6.0,6,512,Venant
570000,Liberte 6 extension,iPhone,6.0,6,128,Venant
450000,Pikine,Samsung,6.0,12,256,Venant
220000,Pikine,Google,6.0,8,128,Venant
270000,Pikine,Samsung,6.0,8,256,Venant
125000,Pikine,iPhone,6.0,12,64,Venant
140000,Médina,Samsung,6.0,8,128,Venant
120000,Médina,iPhone,6.0,3,64,Venant
132000,Plateau,Samsung,6.0,12,128,Venant
450000,Plateau,Samsung,6.0,12,256,Venant
245000,Plateau,iPhone,6.0,12,128,Venant
260000,Médina,OnePlus,6.0,164,512,Venant
175000,Médina,Samsung,6.0,8,128,Venant
220000,Fass,iPhone,6.0,12,64,Venant
580000,Pikine,Xiaomi,6.0,16,512,Venant
225000,Pikine,Samsung,6.0,8,256,Venant
185000,Colobane,Samsung,6.0,12,512,Venant
110000,Médina,iPhone,6.0,12,64,Venant
179000,Médina,Samsung,6.0,12,128,Venant
210000,Médina,Samsung,6.0,12,128,Venant
263000,Médina,iPhone,6.0,12,128,Venant
270000,Plateau,Honor,6.0,8,256,Venant
440000,Pikine,Samsung,6.0,12,256,Venant
115000,Médina,iPhone,6.0,12,64,Venant
260000,Médina,iPhone,6.0,12,128,Venant
570000,Médina,iPhone,6.0,12,256,Venant
390000,Médina,iPhone,6.0,12,128,Venant
610000,Médina,iPhone,6.0,12,512,Venant
700000,Gueule-Tapée,iPhone,6.0,12,256,Venant
405000,Médina,iPhone,6.0,12,128,Venant
650000,Gueule-Tapée,iPhone,6.0,12,128,Venant
750000,Pikine,Samsung,6.0,12,512,Venant
75000,Castor,Sony,6.0,6,128,Venant
680000,Médina,iPhone,6.0,12,512,Venant
400000,Parcelles Assainies,iPhone,6.0,8,128,Venant
440000,Yoff,Samsung,10.0,12,512,Venant
33000,Castor,Sony,5.0,3,32,Venant
54900,Colobane,Huawei,6.0,12,128,Venant
140000,Colobane,Samsung,6.0,6,128,Venant
160000,Gueule-Tapée,iPhone,6.0,12,64,Venant
95000,Colobane,Oppo,6.0,12,256,Venant
70000,Sicap foire,Xiaomi,6.0,8,128,Venant
95000,Colobane,iPhone,6.0,12,64,Venant
30000,Sicap foire,Xiaomi,6.0,6,128,Venant
310000,Médina,Samsung,6.0,12,512,Venant
185000,Pikine,Samsung,6.0,8,128,Venant
420000,Guediawaye,Samsung,6.0,12,512,Venant
220000,Médina,iPhone,6.0,12,64,Venant
145000,Médina,iPhone,6.0,12,64,Venant
580000,Médina,iPhone,6.0,12,128,Venant
630000,Médina,iPhone,6.0,12,256,Venant
165000,Médina,iPhone,6.0,12,128,Venant
235000,Médina,iPhone,6.0,12,128,Venant
415000,Médina,Samsung,6.0,12,512,Venant
205000,Médina,iPhone,6.0,12,256,Venant
345000,Médina,iPhone,6.0,12,128,Venant
3335000,Médina,Samsung,6.0,12,128,Venant
550000,Point-e,iPhone,6.0,12,5120,Venant
79900,Colobane,Huawei,6.0,12,128,Venant
340000,Yoff,iPhone,10.0,8,512,Venant
84900,Fass,Oppo,6.0,12,256,Venant
110000,Médina,iPhone,6.0,12,64,Venant
270000,Médina,iPhone,6.0,12,128,Venant
275000,Médina,iPhone,6.0,12,128,Venant
300000,Médina,iPhone,6.0,12,128,Venant
180000,Médina,iPhone,6.0,12,64,Venant
330000,Médina,iPhone,6.0,12,128,Venant
500000,Médina,iPhone,6.0,12,128,Venant
420000,Médina,Samsung,6.0,12,256,Venant
320000,Plateau,Samsung,6.0,12,256,Venant
240000,Plateau,Samsung,6.0,12,128,Venant
260000,Plateau,Samsung,6.0,12,256,Venant
270000,Médina,iPhone,6.0,4,128,Venant
490000,Médina,Samsung,6.0,12,128,Venant
580000,Médina,Samsung,6.0,12,128,Venant
250000,Pikine,Samsung,6.0,8,128,Venant
185000,Pikine,Xiaomi,6.0,8,256,Venant
305000,Sacré-cœur,iPhone,6.0,12,128,Venant
165000,Pikine,Motorola,6.0,8,256,Venant
320000,Médina,iPhone,6.0,12,256,Venant
260000,Médina,iPhone,6.0,12,128,Venant
145000,Colobane,iPhone,6.0,12,64,Venant
145000,Plateau,iPhone,6.0,3,128,Venant
210000,Yoff,iPhone,10.0,6,64,Venant
500000,Médina,iPhone,6.0,12,256,Venant
950000,Médina,Google,6.0,12,256,Venant
260000,Médina,iPhone,6.0,12,128,Venant
920000,Médina,Google,6.0,12,256,Venant
340000,Médina,Samsung,6.0,12,256,Venant
395000,Médina,Google,6.0,12,128,Venant
450000,Hlm,Oppo,5.0,12,512,Venant
55000,Colobane,Huawei,6.0,4,128,Venant
205000,Médina,iPhone,6.0,12,128,Venant
54900,Colobane,iPhone,6.0,12,128,Venant
240000,Médina,iPhone,6.0,12,256,Venant
145000,Médina,iPhone,6.0,12,64,Venant
255000,Plateau,iPhone,6.0,12,256,Venant
172000,Plateau,iPhone,6.0,12,128,Venant
160000,Pikine,Honor,6.0,8,256,Venant
350000,Médina,Samsung,6.0,8,128,Venant
310000,Médina,Samsung,6.0,8,128,Venant
775000,Médina,Google,6.0,12,256,Venant
470000,Hlm,Samsung,6.0,12,256,Venant
325000,Médina,iPhone,6.0,12,256,Venant
800000,Médina,Samsung,6.0,12,256,Venant
59900,Colobane,Samsung,5.0,3,32,Venant
290000,Plateau,iPhone,6.0,6,128,Venant
160000,Plateau,iPhone,6.0,6,128,Venant
160000,Pikine,Samsung,6.0,8,128,Venant
780000,Pikine,iPhone,6.0,12,256,Venant
385000,Parcelles Assainies,Google,6.0,12,128,Venant
460000,Pikine,iPhone,6.0,8,512,Venant
85000,Colobane,Oppo,6.0,12,256,Venant
25000,Colobane,Autres,6.0,4,64,Venant
25000,Colobane,Autres,6.0,4,64,Venant
780000,Médina,iPhone,6.0,8,256,Venant
580000,Pikine,Honor,6.0,127,512,Venant
230000,Plateau,Samsung,6.0,8,128,Venant
460000,Médina,iPhone,6.0,12,128,Venant
60000,Colobane,Samsung,6.0,3,128,Venant
425000,Fann,Google,67.0,8,256,Venant
39900,Colobane,Samsung,6.0,12,32,Venant
600000,Médina,iPhone,6.0,12,128,Venant
550,Pikine,Google,6.0,12,128,Venant
55000,Sicap foire,Xiaomi,6.0,4,128,Venant
33000,Colobane,Autres,6.0,12,32,Venant
620000,Médina,Samsung,6.0,12,512,Venant
35000,Colobane,Autres,6.0,12,256,Venant
33000,Colobane,Autres,6.0,12,64,Venant
35000,Colobane,Autres,6.0,12,256,Venant
230000,Gueule-Tapée,iPhone,6.0,6,128,Venant
425000,Colobane,iPhone,6.0,12,128,Venant
185000,Médina,iPhone,6.0,12,64,Venant
290000,Médina,iPhone,6.0,12,128,Venant
610000,Médina,Samsung,6.0,12,256,Venant
25000,Colobane,Autres,6.0,12,64,Venant
25000,Colobane,Autres,6.0,12,128,Venant
240000,Plateau,iPhone,5.0,6,256,Venant
105000,Fass,Samsung,6.0,6,128,Venant
110000,Fass,Samsung,6.0,6,128,Venant
114900,Fass,Autres,6.0,8,256,Venant
144900,Fass,LG,6.0,8,128,Venant
250000,Fass,Google,6.0,12,128,Venant
184900,Fass,Samsung,6.0,8,128,Venant
310000,Fass,iPhone,6.0,12,128,Venant
480000,Fass,iPhone,6.0,12,128,Venant
260000,Médina,OnePlus,6.0,124,256,Venant
475000,Plateau,Samsung,6.0,12,256,Venant
380000,Plateau,Samsung,6.0,12,256,Venant
59900,Colobane,Samsung,6.0,12,32,Venant
59900,Fass,Samsung,5.0,4,32,Venant
150000,Guediawaye,Samsung,6.0,8,128,Venant
540000,Plateau,iPhone,6.0,6,128,Venant
45000,Colobane,Motorola,5.0,3,32,Venant
105000,Fass,Samsung,6.0,6,128,Venant
59900,Fass,Nokia,6.0,2,64,Venant
69900,Colobane,Samsung,6.0,12,128,Venant
175000,Colobane,Samsung,6.0,12,256,Venant
550000,Médina,iPhone,6.0,12,128,Venant
420000,Médina,Samsung,7.0,12,512,Venant
480000,Pikine,OnePlus,6.0,16,512,Venant
49900,Médina,Sony,6.0,4,64,Venant
45000,Médina,iPhone,6.0,12,64,Venant
74900,Colobane,Samsung,6.0,4,128,Venant
540000,Médina,iPhone,6.0,12,128,Venant
130000,Médina,iPhone,6.0,12,128,Venant
450000,Médina,iPhone,6.0,12,128,Venant
60000,Colobane,Huawei,6.0,6,128,Venant
260000,Plateau,iPhone,6.0,12,256,Venant
160000,Pikine,Google,6.0,6,128,Venant
850000,Médina,iPhone,6.0,12,512,Venant
170000,Médina,iPhone,6.0,12,64,Venant
750000,Colobane,iPhone,6.0,12,256,Venant
135000,Colobane,Huawei,6.0,8,128,Venant
135000,Pikine,Xiaomi,6.0,8,128,Venant
160000,Pikine,Oppo,6.0,12,256,Venant
430000,Médina,Google,6.0,12,128,Venant
170000,Sicap foire,Oppo,6.0,12,256,Venant
600000,Parcelles Assainies,Samsung,6.0,12,256,Venant
365000,Pikine,Samsung,6.0,8,256,Venant
260000,Pikine,Samsung,6.0,8,256,Venant
110000,Plateau,iPhone,6.0,12,64,Venant
535000,Médina,iPhone,6.0,12,128,Venant
320000,Pikine,Oppo,6.0,12,256,Venant
330000,Almadies 2,iPhone,6.0,12,128,Venant
730000,Plateau,iPhone,6.0,6,256,Venant
330000,Sicap Liberté,Samsung,6.0,12,256,Venant
470000,Pikine,Samsung,6.0,12,256,Venant
200000,Colobane,Google,6.0,8,128,Venant
35000,Colobane,Autres,6.0,12,64,Venant
35000,Colobane,Autres,6.0,3,64,Venant
200000,Point-e,iPhone,6.0,12,64,Venant
35000,Colobane,Autres,6.0,3,64,Venant
480000,Médina,iPhone,6.0,12,128,Venant
115000,Colobane,iPhone,6.0,12,64,Venant
34900,Colobane,Samsung,6.0,12,16,Venant
140000,Colobane,iPhone,6.0,12,128,Venant
385000,Pikine,Xiaomi,6.0,12,512,Venant
430000,Colobane,Samsung,6.0,12,512,Venant
64900,Colobane,Samsung,6.0,12,64,Venant
19900,Colobane,Alcatel,6.0,12,128,Venant
420000,Plateau,Samsung,7.0,12,256,Venant
275000,Pikine,Nodis,6.0,122,256,Venant
420000,Médina,Google,6.0,12,128,Venant
170000,Médina,Google,6.0,12,128,Venant
245000,Médina,iPhone,6.0,12,256,Venant
55000,Médina,Samsung,6.0,12,128,Venant
420000,Médina,iPhone,6.0,12,512,Venant
175000,Médina,Google,6.0,8,128,Venant
79900,Fass,Huawei,6.0,6,128,Venant
64900,Colobane,Huawei,6.0,12,128,Venant
69900,Colobane,Huawei,6.0,6,128,Venant
520000,Plateau,iPhone,6.0,6,256,Venant
200000,Plateau,Samsung,6.0,12,256,Venant
145000,Pikine,Xiaomi,6.0,8,128,Venant
34900,Fass,Samsung,6.0,12,16,Venant
69900,Fass,Huawei,6.0,128,128,Venant
79900,Colobane,Huawei,6.0,12,128,Venant
150000,Sicap Liberté,iPhone,5.0,4,64,Venant
840000,Médina,iPhone,6.0,12,512,Venant
330000,Médina,iPhone,6.0,12,256,Venant
192000,Médina,iPhone,6.0,12,256,Venant
290000,Médina,OnePlus,6.0,164,256,Venant
155000,Médina,Google,6.0,12,128,Venant
270000,Médina,Google,6.0,12,128,Venant
115000,Plateau,iPhone,6.0,3,64,Venant
125000,Guediawaye,iPhone,6.0,3,64,Venant
180000,Guediawaye,iPhone,6.0,4,128,Venant
359000,Yoff,iPhone,6.0,12,128,Venant
210000,Guediawaye,iPhone,5.0,4,256,Venant
350000,Pikine,Xiaomi,6.0,12,512,Venant
280000,Médina,iPhone,6.0,12,128,Venant
630000,Médina,iPhone,6.0,12,128,Venant
410000,Médina,iPhone,6.0,12,128,Venant
140000,Pikine,Oppo,6.0,88,128,Venant
375000,Plateau,Xiaomi,6.0,16,512,Venant
365000,Dalifort,iPhone,6.0,6,128,Venant
160000,Médina,iPhone,6.0,12,64,Venant
